<?xml version="1.0" encoding="UTF-8"?><record_update table="scan_table_check">
    <scan_table_check action="DELETE">
        <active>true</active>
        <advanced>true</advanced>
        <category>code_sanity</category>
        <conditions table="sys_metadata">sys_class_name=sys_atf_test^ORsys_class_name=sys_atf_test_suite^ORsys_class_name=sc_cat_item^ORsys_class_name=sys_declarative_action_definition^ORsys_class_name=sys_hub_flow^ORsys_class_name=sp_widget^ORsys_class_name=pa_dashboards^ORsys_class_name=sys_hub_action_type_definition^ORsys_class_name=sys_data_source^ORsys_class_name=wf_workflow^ORsys_class_name=item_option_new^EQ<item display_value="Test" endquery="false" field="sys_class_name" goto="false" newquery="false" operator="=" or="false" value="sys_atf_test"/>
            <item display_value="Test Suite" endquery="false" field="sys_class_name" goto="false" newquery="false" operator="=" or="true" value="sys_atf_test_suite"/>
            <item display_value="Catalog Item" endquery="false" field="sys_class_name" goto="false" newquery="false" operator="=" or="true" value="sc_cat_item"/>
            <item display_value="Action Definition" endquery="false" field="sys_class_name" goto="false" newquery="false" operator="=" or="true" value="sys_declarative_action_definition"/>
            <item display_value="Flow" endquery="false" field="sys_class_name" goto="false" newquery="false" operator="=" or="true" value="sys_hub_flow"/>
            <item display_value="Widget" endquery="false" field="sys_class_name" goto="false" newquery="false" operator="=" or="true" value="sp_widget"/>
            <item display_value="Dashboard" endquery="false" field="sys_class_name" goto="false" newquery="false" operator="=" or="true" value="pa_dashboards"/>
            <item display_value="Action Type" endquery="false" field="sys_class_name" goto="false" newquery="false" operator="=" or="true" value="sys_hub_action_type_definition"/>
            <item display_value="Data Source" endquery="false" field="sys_class_name" goto="false" newquery="false" operator="=" or="true" value="sys_data_source"/>
            <item display_value="Workflow" endquery="false" field="sys_class_name" goto="false" newquery="false" operator="=" or="true" value="wf_workflow"/>
            <item display_value="Variable" endquery="false" field="sys_class_name" goto="false" newquery="false" operator="=" or="true" value="item_option_new"/>
            <item endquery="true" field="" goto="false" newquery="false" operator="=" or="false" value=""/>
        </conditions>
        <description>An application file (any record in sys_metadata) where the name starts with "Copy of" indicates work in progress, a file that is no longer used or just a copy that has been created by mistake. Such records should not be contained in any deployment.</description>
        <documentation_url/>
        <finding_type>scan_finding</finding_type>
        <name>CodeSanity - Avoid "Copy of"</name>
        <priority>1</priority>
        <resolution_details>Remove the record or rename the record properly.</resolution_details>
        <run_condition/>
        <score_max>100</score_max>
        <score_min>0</score_min>
        <score_scale>1</score_scale>
        <script><![CDATA[(function (engine) {

	if (x_snc_codesanity.IsCheckApplicableToRecord())
	{
		var strName = x_snc_devtools.GetStringValue(current.sys_name);
		if (strName.startsWith('Copy of'))
		{
			engine.finding.increment();
		}
	}

})(engine);]]></script>
        <short_description>Application file names must not start with "Copy of" </short_description>
        <sys_class_name>scan_table_check</sys_class_name>
        <sys_created_by>admin</sys_created_by>
        <sys_created_on>2023-01-06 10:30:57</sys_created_on>
        <sys_id>e45f271cdbd4e5906a03dad1f3961974</sys_id>
        <sys_mod_count>20</sys_mod_count>
        <sys_name>CodeSanity - Avoid "Copy of"</sys_name>
        <sys_package display_value="CodeSanity WORK IN PROGRESS" source="x_snc_codesanity">8ed42c23dbad0510bcced03cd39619ce</sys_package>
        <sys_policy/>
        <sys_scope display_value="CodeSanity WORK IN PROGRESS">8ed42c23dbad0510bcced03cd39619ce</sys_scope>
        <sys_update_name>scan_table_check_e45f271cdbd4e5906a03dad1f3961974</sys_update_name>
        <sys_updated_by>admin</sys_updated_by>
        <sys_updated_on>2023-03-07 06:07:28</sys_updated_on>
        <table>sys_metadata</table>
        <use_manifest>false</use_manifest>
    </scan_table_check>
    <sys_translated_text action="DELETE" query="documentkey=e45f271cdbd4e5906a03dad1f3961974"/>
<sys_update_version action="INSERT_OR_UPDATE">
        <action>DELETE</action>
        <application display_value="CodeSanity">8ed42c23dbad0510bcced03cd39619ce</application>
        <file_path/>
        <instance_id>00dfd44b1b640a14a43dcb7b234bcbf2</instance_id>
        <instance_name>wildwashington</instance_name>
        <name>scan_table_check_e45f271cdbd4e5906a03dad1f3961974</name>
        <payload>&lt;?xml version="1.0" encoding="UTF-8"?&gt;&lt;record_update table="scan_table_check"&gt;
    &lt;scan_table_check action="INSERT_OR_UPDATE"&gt;
        &lt;active&gt;true&lt;/active&gt;
        &lt;advanced&gt;true&lt;/advanced&gt;
        &lt;category&gt;code_sanity&lt;/category&gt;
        &lt;conditions table="sys_metadata"&gt;sys_class_name=sys_atf_test^ORsys_class_name=sys_atf_test_suite^ORsys_class_name=sc_cat_item^ORsys_class_name=sys_declarative_action_definition^ORsys_class_name=sys_hub_flow^ORsys_class_name=sp_widget^ORsys_class_name=pa_dashboards^ORsys_class_name=sys_hub_action_type_definition^ORsys_class_name=sys_data_source^ORsys_class_name=wf_workflow^ORsys_class_name=item_option_new^EQ&lt;item display_value="Test" endquery="false" field="sys_class_name" goto="false" newquery="false" operator="=" or="false" value="sys_atf_test"/&gt;
            &lt;item display_value="Test Suite" endquery="false" field="sys_class_name" goto="false" newquery="false" operator="=" or="true" value="sys_atf_test_suite"/&gt;
            &lt;item display_value="Catalog Item" endquery="false" field="sys_class_name" goto="false" newquery="false" operator="=" or="true" value="sc_cat_item"/&gt;
            &lt;item display_value="Action Definition" endquery="false" field="sys_class_name" goto="false" newquery="false" operator="=" or="true" value="sys_declarative_action_definition"/&gt;
            &lt;item display_value="Flow" endquery="false" field="sys_class_name" goto="false" newquery="false" operator="=" or="true" value="sys_hub_flow"/&gt;
            &lt;item display_value="Widget" endquery="false" field="sys_class_name" goto="false" newquery="false" operator="=" or="true" value="sp_widget"/&gt;
            &lt;item display_value="Dashboard" endquery="false" field="sys_class_name" goto="false" newquery="false" operator="=" or="true" value="pa_dashboards"/&gt;
            &lt;item display_value="Action Type" endquery="false" field="sys_class_name" goto="false" newquery="false" operator="=" or="true" value="sys_hub_action_type_definition"/&gt;
            &lt;item display_value="Data Source" endquery="false" field="sys_class_name" goto="false" newquery="false" operator="=" or="true" value="sys_data_source"/&gt;
            &lt;item display_value="Workflow" endquery="false" field="sys_class_name" goto="false" newquery="false" operator="=" or="true" value="wf_workflow"/&gt;
            &lt;item display_value="Variable" endquery="false" field="sys_class_name" goto="false" newquery="false" operator="=" or="true" value="item_option_new"/&gt;
            &lt;item endquery="true" field="" goto="false" newquery="false" operator="=" or="false" value=""/&gt;
        &lt;/conditions&gt;
        &lt;description&gt;An application file (any record in sys_metadata) where the name starts with "Copy of" indicates work in progress, a file that is no longer used or just a copy that has been created by mistake. Such records should not be contained in any deployment.&lt;/description&gt;
        &lt;documentation_url/&gt;
        &lt;finding_type&gt;scan_finding&lt;/finding_type&gt;
        &lt;name&gt;CodeSanity - Avoid "Copy of"&lt;/name&gt;
        &lt;priority&gt;1&lt;/priority&gt;
        &lt;resolution_details&gt;Remove the record or rename the record properly.&lt;/resolution_details&gt;
        &lt;run_condition/&gt;
        &lt;score_max&gt;100&lt;/score_max&gt;
        &lt;score_min&gt;0&lt;/score_min&gt;
        &lt;score_scale&gt;1&lt;/score_scale&gt;
        &lt;script&gt;&lt;![CDATA[(function (engine) {

	if (x_snc_codesanity.IsCheckApplicableToRecord())
	{
		var strName = x_snc_devtools.GetStringValue(current.sys_name);
		if (strName.startsWith('Copy of'))
		{
			engine.finding.increment();
		}
	}

})(engine);]]&gt;&lt;/script&gt;
        &lt;short_description&gt;Application file names must not start with "Copy of" &lt;/short_description&gt;
        &lt;sys_class_name&gt;scan_table_check&lt;/sys_class_name&gt;
        &lt;sys_created_by&gt;admin&lt;/sys_created_by&gt;
        &lt;sys_created_on&gt;2023-01-06 10:30:57&lt;/sys_created_on&gt;
        &lt;sys_id&gt;e45f271cdbd4e5906a03dad1f3961974&lt;/sys_id&gt;
        &lt;sys_mod_count&gt;20&lt;/sys_mod_count&gt;
        &lt;sys_name&gt;CodeSanity - Avoid "Copy of"&lt;/sys_name&gt;
        &lt;sys_package display_value="CodeSanity WORK IN PROGRESS" source="x_snc_codesanity"&gt;8ed42c23dbad0510bcced03cd39619ce&lt;/sys_package&gt;
        &lt;sys_policy/&gt;
        &lt;sys_scope display_value="CodeSanity WORK IN PROGRESS"&gt;8ed42c23dbad0510bcced03cd39619ce&lt;/sys_scope&gt;
        &lt;sys_update_name&gt;scan_table_check_e45f271cdbd4e5906a03dad1f3961974&lt;/sys_update_name&gt;
        &lt;sys_updated_by&gt;admin&lt;/sys_updated_by&gt;
        &lt;sys_updated_on&gt;2023-03-07 06:07:28&lt;/sys_updated_on&gt;
        &lt;table&gt;sys_metadata&lt;/table&gt;
        &lt;use_manifest&gt;false&lt;/use_manifest&gt;
    &lt;/scan_table_check&gt;
    &lt;sys_translated_text action="delete_multiple" query="documentkey=e45f271cdbd4e5906a03dad1f3961974"/&gt;
&lt;/record_update&gt;</payload>
        <payload_hash>15137181</payload_hash>
        <record_name>CodeSanity - Avoid "Copy of"</record_name>
        <reverted_from/>
        <source>2794ad20c3d45e505a37f9070501314f</source>
        <source_table>sys_upgrade_history</source_table>
        <state>previous</state>
        <sys_created_by>admin</sys_created_by>
        <sys_created_on>2024-08-25 07:31:14</sys_created_on>
        <sys_id>1da4a160c3d45e505a37f90705013113</sys_id>
        <sys_mod_count>0</sys_mod_count>
        <sys_recorded_at>19188723ee20000001</sys_recorded_at>
        <sys_updated_by>admin</sys_updated_by>
        <sys_updated_on>2024-08-25 07:31:14</sys_updated_on>
        <type>Table Check</type>
        <update_guid>d5a4a160cbd45e50fafa7c1f906ee513</update_guid>
        <update_guid_history>d5a4a160cbd45e50fafa7c1f906ee513:0,1748c9a1d25b4290bfac979d872046d8:0,2d5e34253bd742901d11c134fe8f9dcd:0,14d6424a6d968ad0426bb5c1151e7578:0,259d25ce8ad28ad0ec4dc878619a1b39:0,50eb0314405ac2d04ba4bd9930b751d1:0,1c77a4beb12d0610a0616c86bda1e787:200639617</update_guid_history>
    </sys_update_version>
    <sys_metadata_delete action="INSERT_OR_UPDATE">
        <sys_audit_delete display_value="CodeSanity - Avoid &quot;Copy of&quot;">97aafdbdc3a056105a37f907050131e7</sys_audit_delete>
        <sys_class_name>sys_metadata_delete</sys_class_name>
        <sys_created_by>admin</sys_created_by>
        <sys_created_on>2024-09-10 16:35:42</sys_created_on>
        <sys_db_object display_value="" name="scan_table_check">scan_table_check</sys_db_object>
        <sys_id>3e2acdd422974a358f4446eed1eccbc9</sys_id>
        <sys_metadata>e45f271cdbd4e5906a03dad1f3961974</sys_metadata>
        <sys_mod_count>0</sys_mod_count>
        <sys_name>CodeSanity - Avoid "Copy of"</sys_name>
        <sys_package display_value="CodeSanity" source="x_snc_codesanity">8ed42c23dbad0510bcced03cd39619ce</sys_package>
        <sys_parent/>
        <sys_policy/>
        <sys_scope display_value="CodeSanity">8ed42c23dbad0510bcced03cd39619ce</sys_scope>
        <sys_scope_delete display_value="">8c01c38fa81d4fae9bac60e1bb586744</sys_scope_delete>
        <sys_update_name>scan_table_check_e45f271cdbd4e5906a03dad1f3961974</sys_update_name>
        <sys_update_version display_value="scan_table_check_e45f271cdbd4e5906a03dad1f3961974">1da4a160c3d45e505a37f90705013113</sys_update_version>
        <sys_updated_by>admin</sys_updated_by>
        <sys_updated_on>2024-09-10 16:35:42</sys_updated_on>
    </sys_metadata_delete>
</record_update>
