<?xml version="1.0" encoding="UTF-8"?><record_update table="scan_check_suite_check">
    <scan_check_suite_check action="DELETE">
        <check display_value="CodeSanity - Avoid &quot;Copy of&quot;">e45f271cdbd4e5906a03dad1f3961974</check>
        <score_weight>1</score_weight>
        <suite display_value="CodeSanity">4fcb181bdb4a8510bcced03cd39619eb</suite>
        <sys_class_name>scan_check_suite_check</sys_class_name>
        <sys_created_by>admin</sys_created_by>
        <sys_created_on>2023-01-06 10:30:58</sys_created_on>
        <sys_id>eda0f31cdbd4e5906a03dad1f39619a8</sys_id>
        <sys_mod_count>0</sys_mod_count>
        <sys_name/>
        <sys_package display_value="CodeSanity WORK IN PROGRESS" source="x_snc_codesanity">8ed42c23dbad0510bcced03cd39619ce</sys_package>
        <sys_policy/>
        <sys_scope display_value="CodeSanity WORK IN PROGRESS">8ed42c23dbad0510bcced03cd39619ce</sys_scope>
        <sys_update_name>scan_check_suite_check_eda0f31cdbd4e5906a03dad1f39619a8</sys_update_name>
        <sys_updated_by>admin</sys_updated_by>
        <sys_updated_on>2023-01-06 10:30:58</sys_updated_on>
    </scan_check_suite_check>
<sys_update_version action="INSERT_OR_UPDATE">
        <action>DELETE</action>
        <application display_value="CodeSanity">8ed42c23dbad0510bcced03cd39619ce</application>
        <file_path/>
        <instance_id>00dfd44b1b640a14a43dcb7b234bcbf2</instance_id>
        <instance_name>wildwashington</instance_name>
        <name>scan_check_suite_check_eda0f31cdbd4e5906a03dad1f39619a8</name>
        <payload><![CDATA[<?xml version="1.0" encoding="UTF-8"?><record_update table="scan_check_suite_check">
    <scan_check_suite_check action="INSERT_OR_UPDATE">
        <check display_value="CodeSanity - Avoid &quot;Copy of&quot;">e45f271cdbd4e5906a03dad1f3961974</check>
        <score_weight>1</score_weight>
        <suite display_value="CodeSanity">4fcb181bdb4a8510bcced03cd39619eb</suite>
        <sys_class_name>scan_check_suite_check</sys_class_name>
        <sys_created_by>admin</sys_created_by>
        <sys_created_on>2023-01-06 10:30:58</sys_created_on>
        <sys_id>eda0f31cdbd4e5906a03dad1f39619a8</sys_id>
        <sys_mod_count>0</sys_mod_count>
        <sys_name/>
        <sys_package display_value="CodeSanity WORK IN PROGRESS" source="x_snc_codesanity">8ed42c23dbad0510bcced03cd39619ce</sys_package>
        <sys_policy/>
        <sys_scope display_value="CodeSanity WORK IN PROGRESS">8ed42c23dbad0510bcced03cd39619ce</sys_scope>
        <sys_update_name>scan_check_suite_check_eda0f31cdbd4e5906a03dad1f39619a8</sys_update_name>
        <sys_updated_by>admin</sys_updated_by>
        <sys_updated_on>2023-01-06 10:30:58</sys_updated_on>
    </scan_check_suite_check>
</record_update>]]></payload>
        <payload_hash>-67235570</payload_hash>
        <record_name>e45f271cdbd4e5906a03dad1f3961974</record_name>
        <reverted_from/>
        <source>2794ad20c3d45e505a37f9070501314f</source>
        <source_table>sys_upgrade_history</source_table>
        <state>previous</state>
        <sys_created_by>admin</sys_created_by>
        <sys_created_on>2024-08-25 07:31:12</sys_created_on>
        <sys_id>3ca42160c3d45e505a37f907050131c0</sys_id>
        <sys_mod_count>0</sys_mod_count>
        <sys_recorded_at>1918872370c0000001</sys_recorded_at>
        <sys_updated_by>admin</sys_updated_by>
        <sys_updated_on>2024-08-25 07:31:12</sys_updated_on>
        <type>Suite Check</type>
        <update_guid>f4a421601ad45e50211c5c42b0e710c0</update_guid>
        <update_guid_history>f4a421601ad45e50211c5c42b0e710c0:0,f64889a1fb5b429034bf1ac4d10023f5:0,995ef025bcd742900b8927c8c904ddf6:0,f3c6024a0f968ad08b5b820e9643e0a3:0,159de1ce57d28ad0f92d20113c94fc5c:0,73db0314ae5ac2d0a0685d88c5c5321b:0,f36764be622d06105968f10bccda44b9:-67235570</update_guid_history>
    </sys_update_version>
    <sys_metadata_delete action="INSERT_OR_UPDATE">
        <sys_audit_delete display_value="">45ba75fdc3a056105a37f90705013168</sys_audit_delete>
        <sys_class_name>sys_metadata_delete</sys_class_name>
        <sys_created_by>admin</sys_created_by>
        <sys_created_on>2024-09-10 16:35:41</sys_created_on>
        <sys_db_object display_value="" name="scan_check_suite_check">scan_check_suite_check</sys_db_object>
        <sys_id>01d6e6475f2f4ac9823f0dcfea92d229</sys_id>
        <sys_metadata>eda0f31cdbd4e5906a03dad1f39619a8</sys_metadata>
        <sys_mod_count>0</sys_mod_count>
        <sys_name/>
        <sys_package display_value="CodeSanity" source="x_snc_codesanity">8ed42c23dbad0510bcced03cd39619ce</sys_package>
        <sys_parent/>
        <sys_policy/>
        <sys_scope display_value="CodeSanity">8ed42c23dbad0510bcced03cd39619ce</sys_scope>
        <sys_scope_delete display_value="">8c01c38fa81d4fae9bac60e1bb586744</sys_scope_delete>
        <sys_update_name>scan_check_suite_check_eda0f31cdbd4e5906a03dad1f39619a8</sys_update_name>
        <sys_update_version display_value="scan_check_suite_check_eda0f31cdbd4e5906a03dad1f39619a8">3ca42160c3d45e505a37f907050131c0</sys_update_version>
        <sys_updated_by>admin</sys_updated_by>
        <sys_updated_on>2024-09-10 16:35:41</sys_updated_on>
    </sys_metadata_delete>
</record_update>
