<?xml version="1.0" encoding="UTF-8"?><record_update table="sys_app">
    <sys_app action="INSERT_OR_UPDATE">
        <active>true</active>
        <can_edit_in_studio>true</can_edit_in_studio>
        <enforce_license>log</enforce_license>
        <guided_setup_guid/>
        <hide_on_ui>false</hide_on_ui>
        <ide_created/>
        <installed_as_dependency>false</installed_as_dependency>
        <js_level>helsinki_es5</js_level>
        <licensable>true</licensable>
        <license/>
        <license_category>none</license_category>
        <license_definition/>
        <license_model>none</license_model>
        <logo/>
        <menu/>
        <name>CodeSanity</name>
        <package_json/>
        <private>false</private>
        <restrict_table_access>false</restrict_table_access>
        <runtime_access_tracking>permissive</runtime_access_tracking>
        <scope>x_snc_codesanity</scope>
        <scoped_administration>false</scoped_administration>
        <short_description>The CodeSanity app contains a Instance Scan checks to validate source code and application files.</short_description>
        <source>x_snc_codesanity</source>
        <store_correlation_id/>
        <store_url/>
        <subscription_entitlement/>
        <sys_class_name>sys_app</sys_class_name>
        <sys_code/>
        <sys_created_by>admin</sys_created_by>
        <sys_created_on>2022-02-14 08:56:58</sys_created_on>
        <sys_id>8ed42c23dbad0510bcced03cd39619ce</sys_id>
        <sys_mod_count>81</sys_mod_count>
        <sys_updated_by>admin</sys_updated_by>
        <sys_updated_on>2024-10-11 12:02:11</sys_updated_on>
        <template/>
        <trackable>true</trackable>
        <uninstall_blocked>false</uninstall_blocked>
        <user_role/>
        <vendor/>
        <vendor_prefix/>
        <version>2.18.0</version>
        <x_snc_devtools_documentation_url>https://www.wildgrube.com/servicenow-codesanity</x_snc_devtools_documentation_url>
        <x_snc_devtools_maintainer>Sascha Wildgrube</x_snc_devtools_maintainer>
        <x_snc_devtools_maintainer_email>sascha.wildgrube@servicenow.com</x_snc_devtools_maintainer_email>
        <x_snc_devtools_repo_url>https://github.com/saschawildgrube/servicenow-codesanity.git</x_snc_devtools_repo_url>
        <x_snc_wildgrubelab_test/>
        <x_snc_wildgrubelab_test2/>
    </sys_app>
    <sys_translated_text action="delete_multiple" query="documentkey=8ed42c23dbad0510bcced03cd39619ce"/>
</record_update>
