<?xml version="1.0" encoding="UTF-8"?><record_update table="scan_table_check">
    <scan_table_check action="INSERT_OR_UPDATE">
        <active>true</active>
        <advanced>true</advanced>
        <category>code_sanity</category>
        <conditions/>
        <description>When re-using code across instance scan checks one might easily run into errors - or even non-errors because the code pattern to be used in different check types are slightly different.   </description>
        <documentation_url/>
        <finding_type/>
        <name>CodeSanity - Table check code pattern</name>
        <priority>1</priority>
        <resolution_details>The first line of the script must exactly match "(function(engine) {" and the last line must match "})(engine);".</resolution_details>
        <run_condition/>
        <score_max>100</score_max>
        <score_min>0</score_min>
        <score_scale>1</score_scale>
        <script><![CDATA[// test
(function(engine) {
	
	if (x_snc_codesanity.IsCheckApplicableToRecord())
	{
		var GetStringValue = x_snc_devtools.GetStringValue;
		var StringCheckRegEx = x_snc_devtools.StringCheckRegEx;
		var ScriptRemoveComments = x_snc_devtools.ScriptRemoveComments;

		var strScript = GetStringValue(current.script);
		strScript = ScriptRemoveComments(strScript);

		if (StringCheckRegEx(strScript,'^\\s*\\(\\s*function\\s*\\(\\s*engine\\s*\\)\\s*\\{') == false)
		{
			engine.finding.increment();
		}

		if (StringCheckRegEx(strScript,'\\}\\s*\\)\\s*\\(\\s*engine\\s*\\)\\s*;$') == false)
		{
			engine.finding.increment();
		}	
	}

})(engine);]]></script>
        <short_description>Table check scripts must use a specific pattern</short_description>
        <sys_class_name>scan_table_check</sys_class_name>
        <sys_created_by>admin</sys_created_by>
        <sys_created_on>2022-05-30 11:32:47</sys_created_on>
        <sys_id>e476791ddb7f0554bcced03cd39619d8</sys_id>
        <sys_mod_count>30</sys_mod_count>
        <sys_name>CodeSanity - Table check code pattern</sys_name>
        <sys_package display_value="CodeSanity" source="x_snc_codesanity">8ed42c23dbad0510bcced03cd39619ce</sys_package>
        <sys_policy/>
        <sys_scope display_value="CodeSanity">8ed42c23dbad0510bcced03cd39619ce</sys_scope>
        <sys_update_name>scan_table_check_e476791ddb7f0554bcced03cd39619d8</sys_update_name>
        <sys_updated_by>admin</sys_updated_by>
        <sys_updated_on>2023-11-14 09:43:30</sys_updated_on>
        <table>scan_table_check</table>
        <use_manifest>false</use_manifest>
    </scan_table_check>
    <sys_translated_text action="delete_multiple" query="documentkey=e476791ddb7f0554bcced03cd39619d8"/>
</record_update>
