<?xml version="1.0" encoding="UTF-8"?><record_update table="scan_check_suite">
    <scan_check_suite action="INSERT_OR_UPDATE">
        <active>true</active>
        <description>The CodeSanity scan suite contains checks that verify code and application quality.</description>
        <name>CodeSanity</name>
        <private>false</private>
        <scorecard>false</scorecard>
        <sys_class_name>scan_check_suite</sys_class_name>
        <sys_created_by>admin</sys_created_by>
        <sys_created_on>2022-03-10 10:10:27</sys_created_on>
        <sys_id>4fcb181bdb4a8510bcced03cd39619eb</sys_id>
        <sys_mod_count>2</sys_mod_count>
        <sys_name>CodeSanity</sys_name>
        <sys_package display_value="CodeSanity" source="x_snc_codesanity">8ed42c23dbad0510bcced03cd39619ce</sys_package>
        <sys_policy/>
        <sys_scope display_value="CodeSanity">8ed42c23dbad0510bcced03cd39619ce</sys_scope>
        <sys_update_name>scan_check_suite_4fcb181bdb4a8510bcced03cd39619eb</sys_update_name>
        <sys_updated_by>admin</sys_updated_by>
        <sys_updated_on>2024-05-15 14:47:53</sys_updated_on>
        <triggers/>
    </scan_check_suite>
    <sys_translated_text action="delete_multiple" query="documentkey=4fcb181bdb4a8510bcced03cd39619eb"/>
</record_update>
