<?xml version="1.0" encoding="UTF-8"?><record_update table="scan_table_check">
    <scan_table_check action="INSERT_OR_UPDATE">
        <active>true</active>
        <advanced>true</advanced>
        <category>code_sanity</category>
        <conditions/>
        <description>A Script Include should have a valid name. A name should consist of at least 2 characters and start with a letter or underscore (yes, to support the "underscore" library).</description>
        <documentation_url/>
        <finding_type>scan_finding</finding_type>
        <name>CodeSanity - Script Include has a valid name</name>
        <priority>1</priority>
        <resolution_details>If the name is missing or invalid, it should be set to a valid name.</resolution_details>
        <run_condition/>
        <score_max>100</score_max>
        <score_min>0</score_min>
        <score_scale>1</score_scale>
        <script><![CDATA[(function (engine) {

	if (x_snc_codesanity.IsCheckApplicableToRecord())
	{
		var GetStringValue = x_snc_devtools.GetStringValue;
		var StringCheckRegEx = x_snc_devtools.StringCheckRegEx;

		var strName = GetStringValue(current.name);

		if (StringCheckRegEx(strName,'^[a-zA-Z_]\\w{2,}$','') == false)
		{
			engine.finding.increment();
		}
	}

})(engine);]]></script>
        <short_description>Script Includes must have valid names</short_description>
        <sys_class_name>scan_table_check</sys_class_name>
        <sys_created_by>admin</sys_created_by>
        <sys_created_on>2022-07-08 14:51:39</sys_created_on>
        <sys_id>98e81f71dbac91109232dad1f3961929</sys_id>
        <sys_mod_count>14</sys_mod_count>
        <sys_name>CodeSanity - Script Include has a valid name</sys_name>
        <sys_package display_value="CodeSanity" source="x_snc_codesanity">8ed42c23dbad0510bcced03cd39619ce</sys_package>
        <sys_policy/>
        <sys_scope display_value="CodeSanity">8ed42c23dbad0510bcced03cd39619ce</sys_scope>
        <sys_update_name>scan_table_check_98e81f71dbac91109232dad1f3961929</sys_update_name>
        <sys_updated_by>admin</sys_updated_by>
        <sys_updated_on>2023-07-13 13:16:41</sys_updated_on>
        <table>sys_script_include</table>
        <use_manifest>false</use_manifest>
    </scan_table_check>
    <sys_translated_text action="delete_multiple" query="documentkey=98e81f71dbac91109232dad1f3961929"/>
</record_update>
