<?xml version="1.0" encoding="UTF-8"?><record_update table="scan_table_check">
    <scan_table_check action="INSERT_OR_UPDATE">
        <active>true</active>
        <advanced>true</advanced>
        <category>code_sanity</category>
        <conditions/>
        <description>An ATF Test should have a unique name. Two or more tests with the same name may indicate a user mistake. The check controls whether a test in the scanned application has name duplicates inside or outside the application. </description>
        <documentation_url/>
        <finding_type>scan_finding</finding_type>
        <name>CodeSanity - ATF test name is unique</name>
        <priority>1</priority>
        <resolution_details>Rename the duplicate ATF test or delete it. Keep in mind that only one of the duplicate ATF tests may have been added to an ATF Test Suite. So the developer should make sure that all required tests are contained in suites. </resolution_details>
        <run_condition/>
        <score_max>100</score_max>
        <score_min>0</score_min>
        <score_scale>1</score_scale>
        <script><![CDATA[(function (engine) {

	if (x_snc_codesanity.IsCheckApplicableToRecord())
	{
		var grTests = new GlideRecord('sys_atf_test');
		grTests.addQuery('name','=',current.name);
		grTests.query();
		if (grTests.getRowCount() != 1)
		{
			engine.finding.increment();
		}
	}

})(engine);]]></script>
        <short_description>An ATF test name must be unique</short_description>
        <sys_class_name>scan_table_check</sys_class_name>
        <sys_created_by>admin</sys_created_by>
        <sys_created_on>2023-05-06 19:06:10</sys_created_on>
        <sys_id>1d84efcf97a22910a6a07767f053af87</sys_id>
        <sys_mod_count>1</sys_mod_count>
        <sys_name>CodeSanity - ATF test name is unique</sys_name>
        <sys_package display_value="CodeSanity" source="x_snc_codesanity">8ed42c23dbad0510bcced03cd39619ce</sys_package>
        <sys_policy/>
        <sys_scope display_value="CodeSanity">8ed42c23dbad0510bcced03cd39619ce</sys_scope>
        <sys_update_name>scan_table_check_1d84efcf97a22910a6a07767f053af87</sys_update_name>
        <sys_updated_by>admin</sys_updated_by>
        <sys_updated_on>2023-05-06 19:15:54</sys_updated_on>
        <table>sys_atf_test</table>
        <use_manifest>false</use_manifest>
    </scan_table_check>
    <sys_translated_text action="delete_multiple" query="documentkey=1d84efcf97a22910a6a07767f053af87"/>
</record_update>
