<?xml version="1.0" encoding="UTF-8"?><record_update table="scan_table_check">
    <scan_table_check action="INSERT_OR_UPDATE">
        <active>true</active>
        <advanced>true</advanced>
        <category>code_sanity</category>
        <conditions/>
        <description>Fix scripts have been introduced to support one-time activities during an installation. However, with the introduction of source control support and more complex CICD pipelines the point in time when installation scripts should be executed is dependent on many factors. In addition, there are several cases where fix scripts are not even executed where one would expect it. In essence, fix scripts may be executed or not executed at times when it is not intentional or expected. As a result fix scripts should be generally avoided. </description>
        <documentation_url/>
        <finding_type>scan_finding</finding_type>
        <name>CodeSanity - Do not use fix scripts</name>
        <priority>1</priority>
        <resolution_details>Move the code away from fix scripts into script includes and run them explicitly when needed.</resolution_details>
        <run_condition/>
        <score_max>100</score_max>
        <score_min>0</score_min>
        <score_scale>1</score_scale>
        <script><![CDATA[(function (engine) {

	if (x_snc_codesanity.IsCheckApplicableToRecord())
	{
		engine.finding.increment();
	}

})(engine);]]></script>
        <short_description>Do not use fix scripts</short_description>
        <sys_class_name>scan_table_check</sys_class_name>
        <sys_created_by>admin</sys_created_by>
        <sys_created_on>2022-12-05 19:43:13</sys_created_on>
        <sys_id>563b78dedbeb99106a03dad1f3961991</sys_id>
        <sys_mod_count>3</sys_mod_count>
        <sys_name>CodeSanity - Do not use fix scripts</sys_name>
        <sys_package display_value="CodeSanity" source="x_snc_codesanity">8ed42c23dbad0510bcced03cd39619ce</sys_package>
        <sys_policy/>
        <sys_scope display_value="CodeSanity">8ed42c23dbad0510bcced03cd39619ce</sys_scope>
        <sys_update_name>scan_table_check_563b78dedbeb99106a03dad1f3961991</sys_update_name>
        <sys_updated_by>admin</sys_updated_by>
        <sys_updated_on>2023-02-23 16:54:52</sys_updated_on>
        <table>sys_script_fix</table>
        <use_manifest>false</use_manifest>
    </scan_table_check>
    <sys_translated_text action="delete_multiple" query="documentkey=563b78dedbeb99106a03dad1f3961991"/>
</record_update>
