<?xml version="1.0" encoding="UTF-8"?><record_update table="scan_table_check">
    <scan_table_check action="INSERT_OR_UPDATE">
        <active>true</active>
        <advanced>true</advanced>
        <category>code_sanity</category>
        <conditions/>
        <description>A REST API must have a short description that explains its intended use.</description>
        <documentation_url/>
        <finding_type>scan_finding</finding_type>
        <name>CodeSanity - REST API must have a short description</name>
        <priority>1</priority>
        <resolution_details>Add a meaningful short description to the REST API. The short description should at least have 20 characters.</resolution_details>
        <run_condition/>
        <score_max>100</score_max>
        <score_min>0</score_min>
        <score_scale>1</score_scale>
        <script><![CDATA[(function (engine) {

	if (x_snc_codesanity.IsCheckApplicableToRecord())
	{
		var strShortDescripton = x_snc_devtools.GetStringValue(current.short_description);
		if (strShortDescripton.length < 20)
		{
			engine.finding.increment();
		}
	}

})(engine);]]></script>
        <short_description>A REST API must have a short description</short_description>
        <sys_class_name>scan_table_check</sys_class_name>
        <sys_created_by>admin</sys_created_by>
        <sys_created_on>2024-10-03 15:50:39</sys_created_on>
        <sys_id>61fcc41d8349d25000d5ccc0deaad342</sys_id>
        <sys_mod_count>1</sys_mod_count>
        <sys_name>CodeSanity - REST API must have a short description</sys_name>
        <sys_package display_value="CodeSanity" source="x_snc_codesanity">8ed42c23dbad0510bcced03cd39619ce</sys_package>
        <sys_policy/>
        <sys_scope display_value="CodeSanity">8ed42c23dbad0510bcced03cd39619ce</sys_scope>
        <sys_update_name>scan_table_check_61fcc41d8349d25000d5ccc0deaad342</sys_update_name>
        <sys_updated_by>admin</sys_updated_by>
        <sys_updated_on>2024-10-03 15:52:20</sys_updated_on>
        <table>sys_ws_definition</table>
        <use_manifest>false</use_manifest>
    </scan_table_check>
    <sys_translated_text action="delete_multiple" query="documentkey=61fcc41d8349d25000d5ccc0deaad342"/>
</record_update>
