<?xml version="1.0" encoding="UTF-8"?><record_update table="scan_table_check">
    <scan_table_check action="INSERT_OR_UPDATE">
        <active>true</active>
        <advanced>true</advanced>
        <category>code_sanity</category>
        <conditions/>
        <description>All application files should at least have basic documentation that explains their intend and outcomes. The best place for documentation of a UI Action application file is the comment field.</description>
        <documentation_url/>
        <finding_type/>
        <name>CodeSanity - UI Actions without comments</name>
        <priority>1</priority>
        <resolution_details>Add an explanation about what the UI action does in the UI action's comment field.</resolution_details>
        <run_condition/>
        <score_max>100</score_max>
        <score_min>0</score_min>
        <score_scale>1</score_scale>
        <script><![CDATA[(function (engine) {

    if (x_snc_codesanity.IsCheckApplicableToRecord())
	{
		var GetStringValue = x_snc_devtools.GetStringValue;
		
		var strComments = GetStringValue(current.comments);
	
		if (strComments == '')
		{
			engine.finding.increment();
		}
	}

})(engine);]]></script>
        <short_description>UI Actions should be well-documented hence the comment field should be non-empty</short_description>
        <sys_class_name>scan_table_check</sys_class_name>
        <sys_created_by>admin</sys_created_by>
        <sys_created_on>2022-06-10 11:27:56</sys_created_on>
        <sys_id>cfaf9ef4dbc89510b652edb305961930</sys_id>
        <sys_mod_count>2</sys_mod_count>
        <sys_name>CodeSanity - UI Actions without comments</sys_name>
        <sys_package display_value="CodeSanity" source="x_snc_codesanity">8ed42c23dbad0510bcced03cd39619ce</sys_package>
        <sys_policy/>
        <sys_scope display_value="CodeSanity">8ed42c23dbad0510bcced03cd39619ce</sys_scope>
        <sys_update_name>scan_table_check_cfaf9ef4dbc89510b652edb305961930</sys_update_name>
        <sys_updated_by>admin</sys_updated_by>
        <sys_updated_on>2022-08-02 08:18:03</sys_updated_on>
        <table>sys_ui_action</table>
        <use_manifest>false</use_manifest>
    </scan_table_check>
    <sys_translated_text action="delete_multiple" query="documentkey=cfaf9ef4dbc89510b652edb305961930"/>
</record_update>
