<?xml version="1.0" encoding="UTF-8"?><record_update table="scan_check_suite_check">
    <scan_check_suite_check action="INSERT_OR_UPDATE">
        <check display_value="CodeSanity - UI Action must have a unique Action name">e3c4d97c97207110a6a07767f053af37</check>
        <score_weight>1</score_weight>
        <suite display_value="CodeSanity">4fcb181bdb4a8510bcced03cd39619eb</suite>
        <sys_class_name>scan_check_suite_check</sys_class_name>
        <sys_created_by>admin</sys_created_by>
        <sys_created_on>2023-08-06 19:02:36</sys_created_on>
        <sys_id>4bc619fc97207110a6a07767f053af73</sys_id>
        <sys_mod_count>0</sys_mod_count>
        <sys_name/>
        <sys_package display_value="CodeSanity" source="x_snc_codesanity">8ed42c23dbad0510bcced03cd39619ce</sys_package>
        <sys_policy/>
        <sys_scope display_value="CodeSanity">8ed42c23dbad0510bcced03cd39619ce</sys_scope>
        <sys_update_name>scan_check_suite_check_4bc619fc97207110a6a07767f053af73</sys_update_name>
        <sys_updated_by>admin</sys_updated_by>
        <sys_updated_on>2023-08-06 19:02:36</sys_updated_on>
    </scan_check_suite_check>
</record_update>
