<?xml version="1.0" encoding="UTF-8"?><record_update table="scan_linter_check">
    <scan_linter_check action="INSERT_OR_UPDATE">
        <active>true</active>
        <category>code_sanity</category>
        <description>The use of the constructor of the Javascript Date class is problematic. The default behavior is the initialization with the current date and time.&#13;
Sometimes the use of functions like setMonth() or setUTCMonth() may not produce expected results if the set date is at the end of a month.</description>
        <documentation_url/>
        <finding_type/>
        <name>CodeSanity - Date() without parameter</name>
        <priority>1</priority>
        <resolution_details>Refactor code in a way that the Date class is initialized explicitly so that it is perfectly clear what the intention is.&#13;
E.g. to initialize a Date object with the current date and time use "new Date(Date.now())" - which is technically redundant, but explicit.</resolution_details>
        <run_condition/>
        <score_max>100</score_max>
        <score_min>0</score_min>
        <score_scale>1</score_scale>
        <script><![CDATA[(function (engine) {
	
    if (x_snc_codesanity.IsCheckApplicableToRecord())
	{	
		var GetStringValue = x_snc_devtools.GetStringValue;

		var strSource = GetStringValue(engine.rootNode.toSource());

		if (strSource.indexOf(' Date()') != -1 || strSource.indexOf('=Date()') != -1)
		{
			engine.finding.incrementWithNode(engine.rootNode);
		}	
	}
		
})(engine);]]></script>
        <short_description>Do not use the constructor of Date() without parameters</short_description>
        <sys_class_name>scan_linter_check</sys_class_name>
        <sys_created_by>admin</sys_created_by>
        <sys_created_on>2022-04-01 07:08:55</sys_created_on>
        <sys_id>9e940196db2a0150bcced03cd396197f</sys_id>
        <sys_mod_count>9</sys_mod_count>
        <sys_name>CodeSanity - Date() without parameter</sys_name>
        <sys_package display_value="CodeSanity" source="x_snc_codesanity">8ed42c23dbad0510bcced03cd39619ce</sys_package>
        <sys_policy/>
        <sys_scope display_value="CodeSanity">8ed42c23dbad0510bcced03cd39619ce</sys_scope>
        <sys_update_name>scan_linter_check_9e940196db2a0150bcced03cd396197f</sys_update_name>
        <sys_updated_by>admin</sys_updated_by>
        <sys_updated_on>2023-02-23 14:07:43</sys_updated_on>
    </scan_linter_check>
    <sys_translated_text action="delete_multiple" query="documentkey=9e940196db2a0150bcced03cd396197f"/>
</record_update>
