<?xml version="1.0" encoding="UTF-8"?><record_update table="scan_table_check">
    <scan_table_check action="INSERT_OR_UPDATE">
        <active>true</active>
        <advanced>true</advanced>
        <category>code_sanity</category>
        <conditions/>
        <description>The "Action name" field on the UI Action form is not mandatory. Leaving the Action name empty works perfectly fine in most cases. In some cases however, an empty or non-unique "Action name" may lead to the UI Action NOT being displayed. The exact conditions of this observation have not been identified. OOTB UI Actions for whatever reason don't seem to be affected. In order to ensure that an UI Action is  always displayed - when its conditions match - the "Action name" should be set and be globally unique - unless the UI Action overrides another UI Action - in that case the Action name should be the same. Globally unique means that there must not be any other UI Acton (not in the same app, or in any other scope) that uses the same "Action name". Hence it is recommended to set the "Action name" in all cases.</description>
        <documentation_url>https://support.servicenow.com/kb?id=kb_article_view&amp;sysparm_article=KB0547282</documentation_url>
        <finding_type>scan_finding</finding_type>
        <name>CodeSanity - UI Action must have a unique Action name</name>
        <priority>1</priority>
        <resolution_details>Set a globally unique "Action name" for the UI Action. If the UI Action overrides another UI Action, set the same Action name. </resolution_details>
        <run_condition/>
        <score_max>100</score_max>
        <score_min>0</score_min>
        <score_scale>1</score_scale>
        <script><![CDATA[(function (engine) {

	if (x_snc_codesanity.IsCheckApplicableToRecord())
	{
		var strActionName = x_snc_devtools.GetStringValue(current.action_name);
		if (strActionName == '')
		{
			engine.finding.increment();
		}
		else
		{
			var strSysOverrides = x_snc_devtools.GetStringValue(current.sys_overrides);
			if (strSysOverrides == '')
			{
				var grUIA = new GlideRecord('sys_ui_action');
				grUIA.addQuery('action_name','=',strActionName);
				grUIA.query();
				if (grUIA.getRowCount() > 1)
				{
					engine.finding.increment();
				}
			}
			else
			{
				var grOverrides = x_snc_devtools.GetRecord('sys_ui_action',strSysOverrides);
				if (grOverrides != false)
				{
					if (strActionName != x_snc_devtools.GetStringValue(grOverrides.action_name))
					{
						engine.finding.increment();
					}
				}
			}
		}
	}

})(engine);]]></script>
        <short_description>UI Action must have a unique non-empty Action name</short_description>
        <sys_class_name>scan_table_check</sys_class_name>
        <sys_created_by>admin</sys_created_by>
        <sys_created_on>2023-08-06 19:02:35</sys_created_on>
        <sys_id>e3c4d97c97207110a6a07767f053af37</sys_id>
        <sys_mod_count>11</sys_mod_count>
        <sys_name>CodeSanity - UI Action must have a unique Action name</sys_name>
        <sys_package display_value="CodeSanity" source="x_snc_codesanity">8ed42c23dbad0510bcced03cd39619ce</sys_package>
        <sys_policy/>
        <sys_scope display_value="CodeSanity">8ed42c23dbad0510bcced03cd39619ce</sys_scope>
        <sys_update_name>scan_table_check_e3c4d97c97207110a6a07767f053af37</sys_update_name>
        <sys_updated_by>admin</sys_updated_by>
        <sys_updated_on>2024-05-16 12:35:29</sys_updated_on>
        <table>sys_ui_action</table>
        <use_manifest>false</use_manifest>
    </scan_table_check>
    <sys_translated_text action="delete_multiple" query="documentkey=e3c4d97c97207110a6a07767f053af37"/>
</record_update>
