<?xml version="1.0" encoding="UTF-8"?><record_update table="scan_column_type_check">
    <scan_column_type_check action="INSERT_OR_UPDATE">
        <active>true</active>
        <category>code_sanity</category>
        <column_type>script</column_type>
        <description>A string comparison to a text in short_description is an indicator that logic is based on user defined text - and hence unstable.</description>
        <documentation_url/>
        <finding_type/>
        <name>CodeSanity - short_description in conditions</name>
        <priority>1</priority>
        <resolution_details>Refactor the logic in a way that does not need to check the field "short_discription" in a condition field.</resolution_details>
        <run_condition/>
        <score_max>100</score_max>
        <score_min>0</score_min>
        <score_scale>1</score_scale>
        <script><![CDATA[(function (engine) {

    if (x_snc_codesanity.IsCheckApplicableToRecord())
	{	
	
		var IsValidColumn = x_snc_devtools.IsValidColumn;
		var GetStringValue = x_snc_devtools.GetStringValue;

		if (IsValidColumn(current.getRecordClassName(),'condition') == true)
		{
			var strCondition = GetStringValue(current.condition);

			if (strCondition.indexOf('short_description') != -1)
			{
				engine.finding.increment();
			}
		}
	}
		
})(engine);]]></script>
        <short_description>Do not use the field "short_description" in condition statements</short_description>
        <sys_class_name>scan_column_type_check</sys_class_name>
        <sys_created_by>admin</sys_created_by>
        <sys_created_on>2022-03-22 16:53:21</sys_created_on>
        <sys_id>7d9ae787db52c950b652edb3059619fd</sys_id>
        <sys_mod_count>5</sys_mod_count>
        <sys_name>CodeSanity - short_description in conditions</sys_name>
        <sys_package display_value="CodeSanity" source="x_snc_codesanity">8ed42c23dbad0510bcced03cd39619ce</sys_package>
        <sys_policy/>
        <sys_scope display_value="CodeSanity">8ed42c23dbad0510bcced03cd39619ce</sys_scope>
        <sys_update_name>scan_column_type_check_7d9ae787db52c950b652edb3059619fd</sys_update_name>
        <sys_updated_by>admin</sys_updated_by>
        <sys_updated_on>2022-08-02 14:37:34</sys_updated_on>
    </scan_column_type_check>
    <sys_translated_text action="delete_multiple" query="documentkey=7d9ae787db52c950b652edb3059619fd"/>
</record_update>
