<?xml version="1.0" encoding="UTF-8"?><record_update table="scan_table_check">
    <scan_table_check action="INSERT_OR_UPDATE">
        <active>true</active>
        <advanced>true</advanced>
        <category>code_sanity</category>
        <conditions/>
        <description>An ATF test suite without any ATF tests and no child suites just does not make any sense. An empty ATF test suite indicates incomplete work or a mistake.</description>
        <documentation_url/>
        <finding_type>scan_finding</finding_type>
        <name>CodeSanity - ATF suite contains at least one test</name>
        <priority>1</priority>
        <resolution_details>Add at least one test (or a suite) to the ATF test suite or delete the ATF test suite if it is no longer needed.</resolution_details>
        <run_condition/>
        <score_max>100</score_max>
        <score_min>0</score_min>
        <score_scale>1</score_scale>
        <script><![CDATA[(function (engine) {

	if (x_snc_codesanity.IsCheckApplicableToRecord())
	{
		var bFoundChild = false;
		
		var grTestSuiteTest = new GlideRecord('sys_atf_test_suite_test');
		grTestSuiteTest.addQuery('test_suite','=',current.sys_id);
		grTestSuiteTest.query();
		if (grTestSuiteTest.getRowCount() != 0)
		{
			bFoundChild = true;
		}
		
		var grTestSuite = new GlideRecord('sys_atf_test_suite');
		grTestSuite.addQuery('parent','=',current.sys_id);
		grTestSuite.query();
		if (grTestSuite.getRowCount() != 0)
		{
			bFoundChild = true;
		}
				
		if (bFoundChild == false)
		{
			engine.finding.increment();
		}
	}

})(engine);]]></script>
        <short_description>An ATF test suite must contain at least one ATF test or a child suite.</short_description>
        <sys_class_name>scan_table_check</sys_class_name>
        <sys_created_by>admin</sys_created_by>
        <sys_created_on>2023-01-05 17:39:19</sys_created_on>
        <sys_id>7e580450db18a5906a03dad1f39619a0</sys_id>
        <sys_mod_count>4</sys_mod_count>
        <sys_name>CodeSanity - ATF suite contains at least one test</sys_name>
        <sys_package display_value="CodeSanity" source="x_snc_codesanity">8ed42c23dbad0510bcced03cd39619ce</sys_package>
        <sys_policy/>
        <sys_scope display_value="CodeSanity">8ed42c23dbad0510bcced03cd39619ce</sys_scope>
        <sys_update_name>scan_table_check_7e580450db18a5906a03dad1f39619a0</sys_update_name>
        <sys_updated_by>admin</sys_updated_by>
        <sys_updated_on>2023-04-14 11:04:50</sys_updated_on>
        <table>sys_atf_test_suite</table>
        <use_manifest>false</use_manifest>
    </scan_table_check>
    <sys_translated_text action="delete_multiple" query="documentkey=7e580450db18a5906a03dad1f39619a0"/>
</record_update>
