<?xml version="1.0" encoding="UTF-8"?><record_update table="scan_column_type_check">
    <scan_column_type_check action="INSERT_OR_UPDATE">
        <active>true</active>
        <category>code_sanity</category>
        <column_type>script</column_type>
        <description>A source code comment containing "TODO" (and other typical patterns) indicates unfinished work or unaltered template code. When an application version is baselined, such cases whould be resolved. </description>
        <documentation_url/>
        <finding_type>scan_finding</finding_type>
        <name>CodeSanity - Comment containing "TODO"</name>
        <priority>1</priority>
        <resolution_details>Finish the unfinished work and/or modify template code so that the reason for the "TODO" comment is resolved. </resolution_details>
        <run_condition/>
        <score_max>100</score_max>
        <score_min>0</score_min>
        <score_scale>1</score_scale>
        <script><![CDATA[(function (engine) {

	if (x_snc_codesanity.IsCheckApplicableToRecord())
	{
		var GetStringValue = x_snc_devtools.GetStringValue;
		var StringFindRegEx = x_snc_devtools.StringFindRegEx;
		var ScriptEmptyStringLiterals = x_snc_devtools.ScriptEmptyStringLiterals;

		
		var strSource = GetStringValue(engine.columnValue);
		strSource = ScriptEmptyStringLiterals(strSource);
	
		if (StringFindRegEx(strSource,'\\/\\/\\s*TODO','i') != -1)
		{
			engine.finding.increment();
		}
		/*if (StringFindRegEx(strSource,'\/\\*\\s*TODO','i') != -1)
		{
			engine.finding.increment();
		}*/		
	}

})(engine);]]></script>
        <short_description>Source code comments should not contain "TODO"</short_description>
        <sys_class_name>scan_column_type_check</sys_class_name>
        <sys_created_by>admin</sys_created_by>
        <sys_created_on>2023-03-07 11:22:52</sys_created_on>
        <sys_id>0dcb30bf1b11e1105b76777d8b4bcbbc</sys_id>
        <sys_mod_count>5</sys_mod_count>
        <sys_name>CodeSanity - Comment containing "TODO"</sys_name>
        <sys_package display_value="CodeSanity" source="x_snc_codesanity">8ed42c23dbad0510bcced03cd39619ce</sys_package>
        <sys_policy/>
        <sys_scope display_value="CodeSanity">8ed42c23dbad0510bcced03cd39619ce</sys_scope>
        <sys_update_name>scan_column_type_check_0dcb30bf1b11e1105b76777d8b4bcbbc</sys_update_name>
        <sys_updated_by>admin</sys_updated_by>
        <sys_updated_on>2023-03-08 08:04:46</sys_updated_on>
    </scan_column_type_check>
    <sys_translated_text action="delete_multiple" query="documentkey=0dcb30bf1b11e1105b76777d8b4bcbbc"/>
</record_update>
