<?xml version="1.0" encoding="UTF-8"?><record_update table="scan_table_check">
    <scan_table_check action="INSERT_OR_UPDATE">
        <active>true</active>
        <advanced>true</advanced>
        <category>code_sanity</category>
        <conditions/>
        <description>Each System Property must have a description in the description field. The description should describe what the system property controls and what are valid values.</description>
        <documentation_url/>
        <finding_type>scan_finding</finding_type>
        <name>CodeSanity - System Property description</name>
        <priority>1</priority>
        <resolution_details>Add a description to the description field of the System Property.</resolution_details>
        <run_condition/>
        <score_max>100</score_max>
        <score_min>0</score_min>
        <score_scale>1</score_scale>
        <script><![CDATA[(function (engine) {

	if (x_snc_codesanity.IsCheckApplicableToRecord())
	{
		if (x_snc_devtools.GetStringValue(current.description) == '')
		{
			engine.finding.increment();
		}
	}

})(engine);]]></script>
        <short_description>A System Property must have a description</short_description>
        <sys_class_name>scan_table_check</sys_class_name>
        <sys_created_by>admin</sys_created_by>
        <sys_created_on>2024-09-12 12:38:49</sys_created_on>
        <sys_id>b2a717de8320d61000d5ccc0deaad322</sys_id>
        <sys_mod_count>1</sys_mod_count>
        <sys_name>CodeSanity - System Property description</sys_name>
        <sys_package display_value="CodeSanity" source="x_snc_codesanity">8ed42c23dbad0510bcced03cd39619ce</sys_package>
        <sys_policy/>
        <sys_scope display_value="CodeSanity">8ed42c23dbad0510bcced03cd39619ce</sys_scope>
        <sys_update_name>scan_table_check_b2a717de8320d61000d5ccc0deaad322</sys_update_name>
        <sys_updated_by>admin</sys_updated_by>
        <sys_updated_on>2024-09-12 12:39:58</sys_updated_on>
        <table>sys_properties</table>
        <use_manifest>false</use_manifest>
    </scan_table_check>
    <sys_translated_text action="delete_multiple" query="documentkey=b2a717de8320d61000d5ccc0deaad322"/>
</record_update>
