<?xml version="1.0" encoding="UTF-8"?><record_update table="scan_table_check">
    <scan_table_check action="INSERT_OR_UPDATE">
        <active>true</active>
        <advanced>true</advanced>
        <category>code_sanity</category>
        <conditions/>
        <description>Persona roles may contain roles defined in other applications and OOTB roles – which implies a dependency from the application that contains the persona role to those applications which define other, more specific roles.&#13;
&#13;
As a result, the best place to define the persona roles is the Platform application (as described in chapter “Application Architecture and Dependency Management”). The Platform application is the root of the dependency tree – nothing depends on it, but it depends on every other application. This makes the Platform application the natural place for persona role definitions.&#13;
&#13;
This also implies that no Application Files should depend on persona roles. This includes Application Menus.&#13;
&#13;
For more details on the concept of persona roles, refer to chapter "Personas and roles" in the referenced whitepaper.</description>
        <documentation_url>https://www.wildgrube.com/download/A%20mature%20Development%20and%20Deployment%20Process.pdf</documentation_url>
        <finding_type>scan_finding</finding_type>
        <name>CodeSanity - Persona role in Menus</name>
        <priority>1</priority>
        <resolution_details>The Application Menu should rather require an application specific or existing OOTB role. And the persona role should then contain this more specific role.</resolution_details>
        <run_condition/>
        <score_max>100</score_max>
        <score_min>0</score_min>
        <score_scale>1</score_scale>
        <script><![CDATA[(function (engine) {

	if (x_snc_codesanity.IsCheckApplicableToRecord())
	{
		var strRoleNames = x_snc_devtools.GetStringValue(current.roles);
		var aRoleNames = x_snc_devtools.GetArrayValue(strRoleNames);
		for (var nRole = 0; nRole < aRoleNames.length; nRole++)
		{
			var grRole = x_snc_devtools.GetRoleRecord(aRoleNames[nRole]);
			if (x_snc_devtools.IsValidRecord(grRole))
			{
				var bPersonaRole = x_snc_devtools.IsPersonaRole(grRole);
				if (bPersonaRole == true)
				{
					engine.finding.increment();
				}
			}
		}
	}

})(engine);]]></script>
        <short_description>An Application Menu must not depend on a persona role</short_description>
        <sys_class_name>scan_table_check</sys_class_name>
        <sys_created_by>admin</sys_created_by>
        <sys_created_on>2024-09-11 04:28:29</sys_created_on>
        <sys_id>5edd50cac3ac56105a37f90705013176</sys_id>
        <sys_mod_count>2</sys_mod_count>
        <sys_name>CodeSanity - Persona role in Menus</sys_name>
        <sys_package display_value="CodeSanity" source="x_snc_codesanity">8ed42c23dbad0510bcced03cd39619ce</sys_package>
        <sys_policy/>
        <sys_scope display_value="CodeSanity">8ed42c23dbad0510bcced03cd39619ce</sys_scope>
        <sys_update_name>scan_table_check_5edd50cac3ac56105a37f90705013176</sys_update_name>
        <sys_updated_by>admin</sys_updated_by>
        <sys_updated_on>2024-09-11 05:11:13</sys_updated_on>
        <table>sys_app_application</table>
        <use_manifest>false</use_manifest>
    </scan_table_check>
    <sys_translated_text action="delete_multiple" query="documentkey=5edd50cac3ac56105a37f90705013176"/>
</record_update>
