<?xml version="1.0" encoding="UTF-8"?><record_update table="scan_table_check">
    <scan_table_check action="INSERT_OR_UPDATE">
        <active>true</active>
        <advanced>true</advanced>
        <category>code_sanity</category>
        <conditions/>
        <description>A UI action usually exposes functionality to users. Even if a functionality should be exposed to all users at the time the UI Action was introduced, this may not be true in the future. Hence even for UI Actions that should be available to many or even all users, a role should be required to access the UI Action.&#13;
This also applies to UI Actions that are only available on a table to which only a limited set of users have access - as also in this case, the scope of users that may have access to the table might be expanded later without necessarily intending to extend the access to the UI Action.&#13;
Hence all UI Actions should at least require one role to access the UI Action.</description>
        <documentation_url/>
        <finding_type>scan_finding</finding_type>
        <name>CodeSanity - UI Action requires a role</name>
        <priority>1</priority>
        <resolution_details>Add a required role to the UI Action.</resolution_details>
        <run_condition/>
        <score_max>100</score_max>
        <score_min>0</score_min>
        <score_scale>1</score_scale>
        <script><![CDATA[(function (engine) {

	if (x_snc_codesanity.IsCheckApplicableToRecord())
	{
		var grRoleRequired = new GlideRecord('sys_ui_action_role');
		grRoleRequired.addQuery('sys_ui_action','=',current.sys_id);
		grRoleRequired.query();
		if (grRoleRequired.next() == false)
		{
			engine.finding.increment();
		}
	}

})(engine);]]></script>
        <short_description>UI Actions should be configured to require at least one role</short_description>
        <sys_class_name>scan_table_check</sys_class_name>
        <sys_created_by>admin</sys_created_by>
        <sys_created_on>2023-02-06 14:38:14</sys_created_on>
        <sys_id>4a51902e1b7869105b76777d8b4bcbd1</sys_id>
        <sys_mod_count>0</sys_mod_count>
        <sys_name>CodeSanity - UI Action requires a role</sys_name>
        <sys_package display_value="CodeSanity" source="x_snc_codesanity">8ed42c23dbad0510bcced03cd39619ce</sys_package>
        <sys_policy/>
        <sys_scope display_value="CodeSanity">8ed42c23dbad0510bcced03cd39619ce</sys_scope>
        <sys_update_name>scan_table_check_4a51902e1b7869105b76777d8b4bcbd1</sys_update_name>
        <sys_updated_by>admin</sys_updated_by>
        <sys_updated_on>2023-02-06 14:38:14</sys_updated_on>
        <table>sys_ui_action</table>
        <use_manifest>false</use_manifest>
    </scan_table_check>
    <sys_translated_text action="delete_multiple" query="documentkey=4a51902e1b7869105b76777d8b4bcbd1"/>
</record_update>
