<?xml version="1.0" encoding="UTF-8"?><record_update table="scan_linter_check">
    <scan_linter_check action="INSERT_OR_UPDATE">
        <active>true</active>
        <category>code_sanity</category>
        <description>The eval() function is not allowed in scoped applications, in global scripts however it can be used. However, it is not recommended to do so.</description>
        <documentation_url>https://developer.servicenow.com/dev.do#!/guides/rome/now-platform/tpb-guide/scripting_technical_best_practices#avoid-the-eval-function-</documentation_url>
        <finding_type/>
        <name>CodeSanity - Avoid eval()</name>
        <priority>1</priority>
        <resolution_details>Refactor the code to use GlideEvaluator.</resolution_details>
        <run_condition/>
        <score_max>100</score_max>
        <score_min>0</score_min>
        <score_scale>1</score_scale>
        <script><![CDATA[(function (engine) {
	
	if (x_snc_codesanity.IsCheckApplicableToRecord())
	{
		engine.rootNode.visit(function(node)
		{
			var parent = node.getParent();
			if (node.getTypeName() === "NAME" &&
				node.getNameIdentifier() === "eval" &&
				parent.getTypeName() === "CALL")
			{
				engine.finding.incrementWithNode(node);
			}
		});
	}

})(engine);]]></script>
        <short_description>Do not use the eval() function</short_description>
        <sys_class_name>scan_linter_check</sys_class_name>
        <sys_created_by>admin</sys_created_by>
        <sys_created_on>2022-03-15 17:30:04</sys_created_on>
        <sys_id>300febfcdb52cd10b652edb305961917</sys_id>
        <sys_mod_count>15</sys_mod_count>
        <sys_name>CodeSanity - Avoid eval()</sys_name>
        <sys_package display_value="CodeSanity" source="x_snc_codesanity">8ed42c23dbad0510bcced03cd39619ce</sys_package>
        <sys_policy/>
        <sys_scope display_value="CodeSanity">8ed42c23dbad0510bcced03cd39619ce</sys_scope>
        <sys_update_name>scan_linter_check_300febfcdb52cd10b652edb305961917</sys_update_name>
        <sys_updated_by>admin</sys_updated_by>
        <sys_updated_on>2022-08-02 12:49:13</sys_updated_on>
    </scan_linter_check>
    <sys_translated_text action="delete_multiple" query="documentkey=300febfcdb52cd10b652edb305961917"/>
</record_update>
