<?xml version="1.0" encoding="UTF-8"?><record_update table="scan_table_check">
    <scan_table_check action="INSERT_OR_UPDATE">
        <active>true</active>
        <advanced>true</advanced>
        <category>code_sanity</category>
        <conditions/>
        <description>The name of a Script Include  that contains a client callable class must end with "ClientAPI".</description>
        <documentation_url/>
        <finding_type>scan_finding</finding_type>
        <name>CodeSanity - Client callable Script Includes</name>
        <priority>1</priority>
        <resolution_details>Rename the Script Include (and the contained class) so that it ends with "ClientAPI".</resolution_details>
        <run_condition/>
        <score_max>100</score_max>
        <score_min>0</score_min>
        <score_scale>1</score_scale>
        <script><![CDATA[(function (engine) {

	if (x_snc_codesanity.IsCheckApplicableToRecord())
	{
		var GetStringValue = x_snc_devtools.GetStringValue;

		if (current.client_callable == true)
		{
			var strName = GetStringValue(current.name);

			if (strName.endsWith('ClientAPI') == false)
			{
				engine.finding.increment();
			}
		}
	}

})(engine);]]></script>
        <short_description>Client callable Script Include name must end with "ClientAPI"</short_description>
        <sys_class_name>scan_table_check</sys_class_name>
        <sys_created_by>admin</sys_created_by>
        <sys_created_on>2024-11-29 12:35:47</sys_created_on>
        <sys_id>b2f24d2b83c6de1000d5ccc0deaad31a</sys_id>
        <sys_mod_count>1</sys_mod_count>
        <sys_name>CodeSanity - Client callable Script Includes</sys_name>
        <sys_package display_value="CodeSanity" source="x_snc_codesanity">8ed42c23dbad0510bcced03cd39619ce</sys_package>
        <sys_policy/>
        <sys_scope display_value="CodeSanity">8ed42c23dbad0510bcced03cd39619ce</sys_scope>
        <sys_update_name>scan_table_check_b2f24d2b83c6de1000d5ccc0deaad31a</sys_update_name>
        <sys_updated_by>admin</sys_updated_by>
        <sys_updated_on>2024-11-29 12:38:20</sys_updated_on>
        <table>sys_script_include</table>
        <use_manifest>false</use_manifest>
    </scan_table_check>
    <sys_translated_text action="delete_multiple" query="documentkey=b2f24d2b83c6de1000d5ccc0deaad31a"/>
</record_update>
