<?xml version="1.0" encoding="UTF-8"?><record_update table="scan_table_check">
    <scan_table_check action="INSERT_OR_UPDATE">
        <active>true</active>
        <advanced>true</advanced>
        <category>code_sanity</category>
        <conditions table="sys_dictionary">sys_class_name=sys_dictionary^internal_type!=collection^elementISNOTEMPTY^EQ<item display_value="Dictionary Entry" endquery="false" field="sys_class_name" goto="false" newquery="false" operator="=" or="false" value="sys_dictionary"/>
            <item display_table="sys_glide_object" display_value="Collection" endquery="false" field="internal_type" goto="false" newquery="false" operator="!=" or="false" value="collection"/>
            <item endquery="false" field="element" goto="false" newquery="false" operator="ISNOTEMPTY" or="false" value=""/>
            <item endquery="true" field="" goto="false" newquery="false" operator="=" or="false" value=""/>
        </conditions>
        <description>Column names are not just column names - they are also used in scripts as object member variables. Some key words are restricted in JavaScript others may clash with existing members of GlideRecord or other classes used to represent records. As a result, some column names should just be avoided. Examples are "constructor", "class" and "query".</description>
        <documentation_url/>
        <finding_type>scan_finding</finding_type>
        <name>CodeSanity - Forbidden column names</name>
        <priority>1</priority>
        <resolution_details>Replace such columns with new columns. Change existing configuration and code to use the new columns.&#13;
Consider a migration strategy to transform existing production data from the old columns into new columns.</resolution_details>
        <run_condition/>
        <score_max>100</score_max>
        <score_min>0</score_min>
        <score_scale>1</score_scale>
        <script><![CDATA[(function (engine) {

	if (x_snc_codesanity.IsCheckApplicableToRecord())
	{
		var strClassName = current.getRecordClassName();
		if (strClassName != 'sys_dictionary')
		{
			return;
		}

		var strType = x_snc_devtools.GetStringValue(current.internal_type);
		if (strType == 'collection')
		{
			return;
		}

		var strElement = x_snc_devtools.GetStringValue(current.element);
		if (strElement == '')
		{
			return;
		}

		var aForbidden = [
			'constructor',
			'class',
			'function',
			// DevTools 1.x defines x_snc_devtools_technical_debt.switch
			//'switch',
			'while',
			'if',
			'else',
			'for',
			'get',
			'query',
			'update',
			'insert',
			'next'
			];

		// DevTools 1.x defines x_snc_devtools_technical_debt.switch
		if (current.sys_scope.scope != 'x_snc_devtools')
		{
			aForbidden.push('switch');
		}

		if (x_snc_devtools.ArrayValueExists(aForbidden,strElement) == true)
		{
			engine.finding.increment();
		}
	}

})(engine);]]></script>
        <short_description>Some column names must be avoided </short_description>
        <sys_class_name>scan_table_check</sys_class_name>
        <sys_created_by>admin</sys_created_by>
        <sys_created_on>2024-05-16 13:14:39</sys_created_on>
        <sys_id>2b47eec81b924e90063ddc61ab4bcbb8</sys_id>
        <sys_mod_count>17</sys_mod_count>
        <sys_name>CodeSanity - Forbidden column names</sys_name>
        <sys_package display_value="CodeSanity" source="x_snc_codesanity">8ed42c23dbad0510bcced03cd39619ce</sys_package>
        <sys_policy/>
        <sys_scope display_value="CodeSanity">8ed42c23dbad0510bcced03cd39619ce</sys_scope>
        <sys_update_name>scan_table_check_2b47eec81b924e90063ddc61ab4bcbb8</sys_update_name>
        <sys_updated_by>admin</sys_updated_by>
        <sys_updated_on>2024-10-12 15:56:57</sys_updated_on>
        <table>sys_dictionary</table>
        <use_manifest>false</use_manifest>
    </scan_table_check>
    <sys_translated_text action="delete_multiple" query="documentkey=2b47eec81b924e90063ddc61ab4bcbb8"/>
</record_update>
