<?xml version="1.0" encoding="UTF-8"?><record_update table="scan_table_check">
    <scan_table_check action="INSERT_OR_UPDATE">
        <active>true</active>
        <advanced>true</advanced>
        <category>code_sanity</category>
        <conditions/>
        <description>An ATF test that does not contain a single active test step does not provide any value. It is likely that the ATF test has been created unintendedly or the actual implementation of the test is no longer required or was simply forgotten. Either way, an application should not contain empty ATF tests.</description>
        <documentation_url/>
        <finding_type>scan_finding</finding_type>
        <name>CodeSanity - ATF test must contain steps</name>
        <priority>1</priority>
        <resolution_details>Either implement the ATF test by adding at least one ATF active test step or delete the ATF test if it is no longer needed.</resolution_details>
        <run_condition/>
        <score_max>100</score_max>
        <score_min>0</score_min>
        <score_scale>1</score_scale>
        <script><![CDATA[(function (engine) {

	if (x_snc_codesanity.IsCheckApplicableToRecord())
	{
		var grTestStep = new GlideRecord('sys_atf_step');
		grTestStep.addQuery('test','=',current.sys_id);
		grTestStep.addActiveQuery();
		grTestStep.query();
		if (grTestStep.next() == false)
		{
			engine.finding.increment();
		}
	}

})(engine);]]></script>
        <short_description>An ATF test must contain at least one active test step</short_description>
        <sys_class_name>scan_table_check</sys_class_name>
        <sys_created_by>admin</sys_created_by>
        <sys_created_on>2023-02-24 01:57:01</sys_created_on>
        <sys_id>49dfce801b1165105b76777d8b4bcbfe</sys_id>
        <sys_mod_count>1</sys_mod_count>
        <sys_name>CodeSanity - ATF test must contain steps</sys_name>
        <sys_package display_value="CodeSanity" source="x_snc_codesanity">8ed42c23dbad0510bcced03cd39619ce</sys_package>
        <sys_policy/>
        <sys_scope display_value="CodeSanity">8ed42c23dbad0510bcced03cd39619ce</sys_scope>
        <sys_update_name>scan_table_check_49dfce801b1165105b76777d8b4bcbfe</sys_update_name>
        <sys_updated_by>admin</sys_updated_by>
        <sys_updated_on>2023-04-14 08:53:47</sys_updated_on>
        <table>sys_atf_test</table>
        <use_manifest>false</use_manifest>
    </scan_table_check>
    <sys_translated_text action="delete_multiple" query="documentkey=49dfce801b1165105b76777d8b4bcbfe"/>
</record_update>
