<?xml version="1.0" encoding="UTF-8"?><record_update table="scan_table_check">
    <scan_table_check action="INSERT_OR_UPDATE">
        <active>true</active>
        <advanced>true</advanced>
        <category>code_sanity</category>
        <conditions/>
        <description>An ATF test that is part of an application should be in at least one ATF test suite that is also part of the same application. A test may also be part of ATF test suites defined in other applications.&#13;
Note that the records that link a test to a suite (sys_atf_test_suite_test) must also be in the same application.</description>
        <documentation_url/>
        <finding_type>scan_finding</finding_type>
        <name>CodeSanity - ATF test must be in an ATF suite</name>
        <priority>1</priority>
        <resolution_details>Add the ATF test to an ATF test suite defined in the same application.</resolution_details>
        <run_condition/>
        <score_max>100</score_max>
        <score_min>0</score_min>
        <score_scale>1</score_scale>
        <script><![CDATA[(function (engine) {

	if (x_snc_codesanity.IsCheckApplicableToRecord())
	{
		var grTestSuiteTest = new GlideRecord('sys_atf_test_suite_test');
		grTestSuiteTest.addQuery('sys_scope','=',current.sys_scope);
		grTestSuiteTest.addQuery('test','=',current.sys_id);
		grTestSuiteTest.query();
		if (grTestSuiteTest.getRowCount() == 0)
		{
			engine.finding.increment();
		}
		else
		{
			var bSuiteFound = false;
			while (grTestSuiteTest.next())
			{
				var grTestSuite = x_snc_devtools.GetRecord('sys_atf_test_suite',grTestSuiteTest.test_suite);
				if (x_snc_devtools.IsValidRecord(grTestSuite) == true)
				{
					if (grTestSuite.sys_scope == current.sys_scope)
					{
						bSuiteFound = true;
					}
				}
			}
			if (bSuiteFound == false)
			{
				engine.finding.increment();
			}
		}
	}

})(engine);]]></script>
        <short_description>Each ATF test contained in an application must be in at least one ATF suite.</short_description>
        <sys_class_name>scan_table_check</sys_class_name>
        <sys_created_by>admin</sys_created_by>
        <sys_created_on>2022-11-23 10:23:20</sys_created_on>
        <sys_id>ad58c552db93d5106a03dad1f39619d6</sys_id>
        <sys_mod_count>2</sys_mod_count>
        <sys_name>CodeSanity - ATF test must be in an ATF suite</sys_name>
        <sys_package display_value="CodeSanity" source="x_snc_codesanity">8ed42c23dbad0510bcced03cd39619ce</sys_package>
        <sys_policy/>
        <sys_scope display_value="CodeSanity">8ed42c23dbad0510bcced03cd39619ce</sys_scope>
        <sys_update_name>scan_table_check_ad58c552db93d5106a03dad1f39619d6</sys_update_name>
        <sys_updated_by>admin</sys_updated_by>
        <sys_updated_on>2023-07-28 14:51:52</sys_updated_on>
        <table>sys_atf_test</table>
        <use_manifest>false</use_manifest>
    </scan_table_check>
    <sys_translated_text action="delete_multiple" query="documentkey=ad58c552db93d5106a03dad1f39619d6"/>
</record_update>
