<?xml version="1.0" encoding="UTF-8"?><record_update table="scan_linter_check">
    <scan_linter_check action="INSERT_OR_UPDATE">
        <active>true</active>
        <category>code_sanity</category>
        <description>It's a frequent and common mistake to write code like:&#13;
var grSomething = GlideRecord('something');&#13;
While syntactically correct, the outcome is not what you expect. </description>
        <documentation_url/>
        <finding_type>scan_finding</finding_type>
        <name>CodeSanity - GlideRecord without new</name>
        <priority>1</priority>
        <resolution_details>To fix this, add the new keyword before "GlideRecord", "GlideRecordSecure" or "GlideAggregate" (or any other class you want to instantiate). The code should look like this:&#13;
var grSomething = new GlideRecord('something');</resolution_details>
        <run_condition/>
        <score_max>100</score_max>
        <score_min>0</score_min>
        <score_scale>1</score_scale>
        <script><![CDATA[(function (engine) {

   if (x_snc_codesanity.IsCheckApplicableToRecord())
   {
      	var GetStringValue = x_snc_devtools.GetStringValue;
		var StringCheckRegEx = x_snc_devtools.StringCheckRegEx;

		var strSource = x_snc_devtools.GetStringValue(engine.rootNode.toSource());
			
		if (StringCheckRegEx(strSource,'=\\s*Glide(Record(Secure)?|Aggregate)\\s*\\(','') == true)
		{
			engine.finding.incrementWithNode(engine.rootNode);
		}
   }

})(engine);]]></script>
        <short_description>When creating a GlideRecord object, make sure to use "new" keyword</short_description>
        <sys_class_name>scan_linter_check</sys_class_name>
        <sys_created_by>admin</sys_created_by>
        <sys_created_on>2022-10-27 15:36:38</sys_created_on>
        <sys_id>542dcbe9dbfe9110f359c191159619b3</sys_id>
        <sys_mod_count>6</sys_mod_count>
        <sys_name>CodeSanity - GlideRecord without new</sys_name>
        <sys_package display_value="CodeSanity" source="x_snc_codesanity">8ed42c23dbad0510bcced03cd39619ce</sys_package>
        <sys_policy/>
        <sys_scope display_value="CodeSanity">8ed42c23dbad0510bcced03cd39619ce</sys_scope>
        <sys_update_name>scan_linter_check_542dcbe9dbfe9110f359c191159619b3</sys_update_name>
        <sys_updated_by>admin</sys_updated_by>
        <sys_updated_on>2023-02-21 16:54:02</sys_updated_on>
    </scan_linter_check>
    <sys_translated_text action="delete_multiple" query="documentkey=542dcbe9dbfe9110f359c191159619b3"/>
</record_update>
