<?xml version="1.0" encoding="UTF-8"?><record_update table="scan_table_check">
    <scan_table_check action="INSERT_OR_UPDATE">
        <active>true</active>
        <advanced>true</advanced>
        <category>code_sanity</category>
        <conditions/>
        <description>An application menu without any modules is an indicator of unfinsihed work or a mistake.</description>
        <documentation_url/>
        <finding_type>scan_finding</finding_type>
        <name>CodeSanity - Application menu must have modules</name>
        <priority>1</priority>
        <resolution_details>Add at least one module to the application menu or remove the application menu.</resolution_details>
        <run_condition/>
        <score_max>100</score_max>
        <score_min>0</score_min>
        <score_scale>1</score_scale>
        <script><![CDATA[(function (engine) {

	if (x_snc_codesanity.IsCheckApplicableToRecord())
	{
		var grAppModule = new GlideRecord('sys_app_module');
		grAppModule.addQuery('application','=',current.sys_id);
		grAppModule.query();	
		if (grAppModule.next() == false)
		{
			engine.finding.increment();
		}
	}

})(engine);]]></script>
        <short_description>An application menu must have at least one menu module</short_description>
        <sys_class_name>scan_table_check</sys_class_name>
        <sys_created_by>admin</sys_created_by>
        <sys_created_on>2023-03-06 19:52:02</sys_created_on>
        <sys_id>92e52da71b9d61105b76777d8b4bcb8e</sys_id>
        <sys_mod_count>0</sys_mod_count>
        <sys_name>CodeSanity - Application menu must have modules</sys_name>
        <sys_package display_value="CodeSanity" source="x_snc_codesanity">8ed42c23dbad0510bcced03cd39619ce</sys_package>
        <sys_policy/>
        <sys_scope display_value="CodeSanity">8ed42c23dbad0510bcced03cd39619ce</sys_scope>
        <sys_update_name>scan_table_check_92e52da71b9d61105b76777d8b4bcb8e</sys_update_name>
        <sys_updated_by>admin</sys_updated_by>
        <sys_updated_on>2023-03-06 19:52:02</sys_updated_on>
        <table>sys_app_application</table>
        <use_manifest>false</use_manifest>
    </scan_table_check>
    <sys_translated_text action="delete_multiple" query="documentkey=92e52da71b9d61105b76777d8b4bcb8e"/>
</record_update>
