<?xml version="1.0" encoding="UTF-8"?><record_update table="scan_table_check">
    <scan_table_check action="INSERT_OR_UPDATE">
        <active>true</active>
        <advanced>true</advanced>
        <category>code_sanity</category>
        <conditions/>
        <description>Each Role must have a description. The description ideally contains a reference to a defined persona and specify the resources and features this role provides access to. </description>
        <documentation_url/>
        <finding_type>scan_finding</finding_type>
        <name>CodeSanity - Role description</name>
        <priority>1</priority>
        <resolution_details>Add the description to the description field. If it appears to be difficult to describe the role in a meaningful way - consider to remove the role.</resolution_details>
        <run_condition/>
        <score_max>100</score_max>
        <score_min>0</score_min>
        <score_scale>1</score_scale>
        <script><![CDATA[(function (engine) {

	if (x_snc_codesanity.IsCheckApplicableToRecord())
	{
		if (x_snc_devtools.GetStringValue(current.description) == '')
		{
			engine.finding.increment();
		}
	}

})(engine);]]></script>
        <short_description>A Role must have a description</short_description>
        <sys_class_name>scan_table_check</sys_class_name>
        <sys_created_by>admin</sys_created_by>
        <sys_created_on>2023-03-07 15:38:24</sys_created_on>
        <sys_id>9a65b57f1b15e1105b76777d8b4bcbcd</sys_id>
        <sys_mod_count>0</sys_mod_count>
        <sys_name>CodeSanity - Role description</sys_name>
        <sys_package display_value="CodeSanity" source="x_snc_codesanity">8ed42c23dbad0510bcced03cd39619ce</sys_package>
        <sys_policy/>
        <sys_scope display_value="CodeSanity">8ed42c23dbad0510bcced03cd39619ce</sys_scope>
        <sys_update_name>scan_table_check_9a65b57f1b15e1105b76777d8b4bcbcd</sys_update_name>
        <sys_updated_by>admin</sys_updated_by>
        <sys_updated_on>2023-03-07 15:38:24</sys_updated_on>
        <table>sys_user_role</table>
        <use_manifest>false</use_manifest>
    </scan_table_check>
    <sys_translated_text action="delete_multiple" query="documentkey=9a65b57f1b15e1105b76777d8b4bcbcd"/>
</record_update>
