<?xml version="1.0" encoding="UTF-8"?><record_update table="scan_table_check">
    <scan_table_check action="INSERT_OR_UPDATE">
        <active>true</active>
        <advanced>true</advanced>
        <category>code_sanity</category>
        <conditions/>
        <description>A Role should have a valid name. A name should consist of at least 3 lowercase letter, numeric and underscore characters and start with a letter and end with a letter or numeric character.&#13;
For roles defined in global applicatons the rule applies to the "name" field. For roles defined in scoped applications the rule applies to the "suffix" field.</description>
        <documentation_url/>
        <finding_type>scan_finding</finding_type>
        <name>CodeSanity - Role has a valid name</name>
        <priority>1</priority>
        <resolution_details>If the name is missing or invalid, it should be set to a valid name - i.e. the suffix for roles defined in scoped applications.</resolution_details>
        <run_condition/>
        <score_max>100</score_max>
        <score_min>0</score_min>
        <score_scale>1</score_scale>
        <script><![CDATA[(function (engine) {

	if (x_snc_codesanity.IsCheckApplicableToRecord())
	{
		var GetStringValue = x_snc_devtools.GetStringValue;
		var StringCheckRegEx = x_snc_devtools.StringCheckRegEx;

		var strName = '';
		if (current.sys_scope == 'global')
		{
			strName = GetStringValue(current.name);
		}
		else
		{
			strName = GetStringValue(current.suffix);
		}

		if (StringCheckRegEx(strName,'^[a-z][a-z0-9_]{1,}[a-z0-9]$','') == false)
		{
			engine.finding.increment();
		}
	}

})(engine);]]></script>
        <short_description>Roles must have valid names</short_description>
        <sys_class_name>scan_table_check</sys_class_name>
        <sys_created_by>admin</sys_created_by>
        <sys_created_on>2024-11-27 13:34:19</sys_created_on>
        <sys_id>6c3d7eb283461e1000d5ccc0deaad378</sys_id>
        <sys_mod_count>3</sys_mod_count>
        <sys_name>CodeSanity - Role has a valid name</sys_name>
        <sys_package display_value="CodeSanity" source="x_snc_codesanity">8ed42c23dbad0510bcced03cd39619ce</sys_package>
        <sys_policy/>
        <sys_scope display_value="CodeSanity">8ed42c23dbad0510bcced03cd39619ce</sys_scope>
        <sys_update_name>scan_table_check_6c3d7eb283461e1000d5ccc0deaad378</sys_update_name>
        <sys_updated_by>admin</sys_updated_by>
        <sys_updated_on>2024-11-27 13:45:44</sys_updated_on>
        <table>sys_user_role</table>
        <use_manifest>false</use_manifest>
    </scan_table_check>
    <sys_translated_text action="delete_multiple" query="documentkey=6c3d7eb283461e1000d5ccc0deaad378"/>
</record_update>
