<?xml version="1.0" encoding="UTF-8"?><record_update table="scan_table_check">
    <scan_table_check action="INSERT_OR_UPDATE">
        <active>true</active>
        <advanced>true</advanced>
        <category>code_sanity</category>
        <conditions table="sys_ui_action">client=true^EQ<item endquery="false" field="client" goto="false" newquery="false" operator="=" or="false" value="true"/>
            <item endquery="true" field="" goto="false" newquery="false" operator="=" or="false" value=""/>
        </conditions>
        <description>UI Actions can be configured to run completely server-side or to trigger a client-sided script (by setting the field "client" to "true"). In that case a callback function needs to be specified in the field "OnClick". It may be tempting to call the function "onClick". However, this may lead to collisions. If two UI Actions (which are active on the same form or list view) define the same function name, one function may just replace the other as both functions exist in the same namespace. As a result, when a UI action is invoked by the user, random behavior is the result - as either of the two functions may get executed.  </description>
        <documentation_url/>
        <finding_type>scan_finding</finding_type>
        <name>CodeSanity - UI Action must have a unique onClick function</name>
        <priority>1</priority>
        <resolution_details>Change the function so that it is unique across all defined client UI actions in the system.</resolution_details>
        <run_condition/>
        <score_max>100</score_max>
        <score_min>0</score_min>
        <score_scale>1</score_scale>
        <script><![CDATA[(function (engine) {

	if (x_snc_codesanity.IsCheckApplicableToRecord())
	{
		var grUIA = new GlideRecord('sys_ui_action');
		grUIA.addQuery('sys_id','!=',current.sys_id);
		grUIA.addQuery('client','=','true');
		grUIA.addQuery('onclick','=',current.onclick);
		grUIA.setLimit(1);
		grUIA.query();
		if (grUIA.next())
		{
			engine.finding.increment();
		}
	}

})(engine);]]></script>
        <short_description>Client-side UI Actions must use unique onClick function name to avoid collisions</short_description>
        <sys_class_name>scan_table_check</sys_class_name>
        <sys_created_by>admin</sys_created_by>
        <sys_created_on>2023-02-17 11:36:24</sys_created_on>
        <sys_id>5b9094021bc129505b76777d8b4bcb07</sys_id>
        <sys_mod_count>10</sys_mod_count>
        <sys_name>CodeSanity - UI Action must have a unique onClick function</sys_name>
        <sys_package display_value="CodeSanity" source="x_snc_codesanity">8ed42c23dbad0510bcced03cd39619ce</sys_package>
        <sys_policy/>
        <sys_scope display_value="CodeSanity">8ed42c23dbad0510bcced03cd39619ce</sys_scope>
        <sys_update_name>scan_table_check_5b9094021bc129505b76777d8b4bcb07</sys_update_name>
        <sys_updated_by>admin</sys_updated_by>
        <sys_updated_on>2023-02-23 17:12:05</sys_updated_on>
        <table>sys_ui_action</table>
        <use_manifest>false</use_manifest>
    </scan_table_check>
    <sys_translated_text action="delete_multiple" query="documentkey=5b9094021bc129505b76777d8b4bcb07"/>
</record_update>
