<?xml version="1.0" encoding="UTF-8"?><record_update table="scan_table_check">
    <scan_table_check action="INSERT_OR_UPDATE">
        <active>true</active>
        <advanced>true</advanced>
        <category>code_sanity</category>
        <conditions/>
        <description>An ATF Test Suite should have a unique name. Two or more test suites with the same name may indicate a user mistake. The check controls whether a test suite in the scanned application have name duplicates inside or outside the application. </description>
        <documentation_url/>
        <finding_type>scan_finding</finding_type>
        <name>CodeSanity - ATF suite name is unique</name>
        <priority>1</priority>
        <resolution_details>Rename the duplicate ATF test suite or delete it. Keep in mind that ATF tests may have been added to only one or both suites that have the same name. So the developer should make sure that all required tests are contained in the suite that is kept. </resolution_details>
        <run_condition/>
        <score_max>100</score_max>
        <score_min>0</score_min>
        <score_scale>1</score_scale>
        <script><![CDATA[(function (engine) {

	if (x_snc_codesanity.IsCheckApplicableToRecord())
	{
		var grSuites = new GlideRecord('sys_atf_test_suite');
		grSuites.addQuery('name','=',current.name);
		grSuites.query();
		if (grSuites.getRowCount() != 1)
		{
			engine.finding.increment();
		}
	}

})(engine);]]></script>
        <short_description>An ATF Test Suite name must be unique</short_description>
        <sys_class_name>scan_table_check</sys_class_name>
        <sys_created_by>admin</sys_created_by>
        <sys_created_on>2023-05-06 17:31:33</sys_created_on>
        <sys_id>e3bd4f8397622910a6a07767f053af4d</sys_id>
        <sys_mod_count>3</sys_mod_count>
        <sys_name>CodeSanity - ATF suite name is unique</sys_name>
        <sys_package display_value="CodeSanity" source="x_snc_codesanity">8ed42c23dbad0510bcced03cd39619ce</sys_package>
        <sys_policy/>
        <sys_scope display_value="CodeSanity">8ed42c23dbad0510bcced03cd39619ce</sys_scope>
        <sys_update_name>scan_table_check_e3bd4f8397622910a6a07767f053af4d</sys_update_name>
        <sys_updated_by>admin</sys_updated_by>
        <sys_updated_on>2023-05-06 19:23:31</sys_updated_on>
        <table>sys_atf_test_suite</table>
        <use_manifest>false</use_manifest>
    </scan_table_check>
    <sys_translated_text action="delete_multiple" query="documentkey=e3bd4f8397622910a6a07767f053af4d"/>
</record_update>
