<?xml version="1.0" encoding="UTF-8"?><record_update table="scan_table_check">
    <scan_table_check action="INSERT_OR_UPDATE">
        <active>true</active>
        <advanced>true</advanced>
        <category>code_sanity</category>
        <conditions/>
        <description>When performing imports, temporary tables may be created. These names of such tables usually start with "u_imp_templ_".&#13;
Such tables should be removed before shipping an application.</description>
        <documentation_url/>
        <finding_type>scan_finding</finding_type>
        <name>CodeSanity - Temporary tables</name>
        <priority>1</priority>
        <resolution_details>Remove all temporary import tables from applications to be shipped. </resolution_details>
        <run_condition/>
        <score_max>100</score_max>
        <score_min>0</score_min>
        <score_scale>1</score_scale>
        <script><![CDATA[(function (engine) {

    if (x_snc_codesanity.IsCheckApplicableToRecord())
	{
		var GetStringValue = x_snc_devtools.GetStringValue;
		var StringCheckRegEx = x_snc_devtools.StringCheckRegEx;

		var strName = GetStringValue(current.name);
		var strRegEx = '^u_imp_templ_';

		if (StringCheckRegEx(strName,strRegEx,'') == true)
		{
			engine.finding.increment();
		}
	}

})(engine);]]></script>
        <short_description>Temporary import tables should be removed from applications</short_description>
        <sys_class_name>scan_table_check</sys_class_name>
        <sys_created_by>admin</sys_created_by>
        <sys_created_on>2022-08-08 15:26:56</sys_created_on>
        <sys_id>51db07b3db0511509232dad1f3961948</sys_id>
        <sys_mod_count>1</sys_mod_count>
        <sys_name>CodeSanity - Temporary tables</sys_name>
        <sys_package display_value="CodeSanity" source="x_snc_codesanity">8ed42c23dbad0510bcced03cd39619ce</sys_package>
        <sys_policy/>
        <sys_scope display_value="CodeSanity">8ed42c23dbad0510bcced03cd39619ce</sys_scope>
        <sys_update_name>scan_table_check_51db07b3db0511509232dad1f3961948</sys_update_name>
        <sys_updated_by>admin</sys_updated_by>
        <sys_updated_on>2022-08-08 15:28:42</sys_updated_on>
        <table>sys_db_object</table>
        <use_manifest>false</use_manifest>
    </scan_table_check>
    <sys_translated_text action="delete_multiple" query="documentkey=51db07b3db0511509232dad1f3961948"/>
</record_update>
