<?xml version="1.0" encoding="UTF-8"?><record_update table="scan_table_check">
    <scan_table_check action="INSERT_OR_UPDATE">
        <active>true</active>
        <advanced>true</advanced>
        <category>code_sanity</category>
        <conditions/>
        <description>A REST API Resource (Operation) must not use the default OOTB ACL "Scripted REST External Default" which limits access to "internal" users - which is obviously not sufficient for the vast majority of use cases.</description>
        <documentation_url/>
        <finding_type>scan_finding</finding_type>
        <name>CodeSanity - REST API Resource default ACL</name>
        <priority>1</priority>
        <resolution_details>Either, remove the specified ACL - which will then use the ACL specified for the REST API, or specify a new ACL that is to be used to protect that specific resource.</resolution_details>
        <run_condition/>
        <score_max>100</score_max>
        <score_min>0</score_min>
        <score_scale>1</score_scale>
        <script><![CDATA[(function (engine) {

	if (x_snc_codesanity.IsCheckApplicableToRecord())
	{
		var aAcls = x_snc_devtools.GetArrayValue(current.enforce_acl);
		if (x_snc_devtools.ArrayValueExists(aAcls,'cf9d01d3e73003009d6247e603f6a990') == true)
		{
			engine.finding.increment();
		}
	}

})(engine);]]></script>
        <short_description>A REST API  Resource must not use the default ACL</short_description>
        <sys_class_name>scan_table_check</sys_class_name>
        <sys_created_by>admin</sys_created_by>
        <sys_created_on>2024-10-03 15:26:03</sys_created_on>
        <sys_id>cd578c158349d25000d5ccc0deaad3f9</sys_id>
        <sys_mod_count>2</sys_mod_count>
        <sys_name>CodeSanity - REST API Resource default ACL</sys_name>
        <sys_package display_value="CodeSanity" source="x_snc_codesanity">8ed42c23dbad0510bcced03cd39619ce</sys_package>
        <sys_policy/>
        <sys_scope display_value="CodeSanity">8ed42c23dbad0510bcced03cd39619ce</sys_scope>
        <sys_update_name>scan_table_check_cd578c158349d25000d5ccc0deaad3f9</sys_update_name>
        <sys_updated_by>admin</sys_updated_by>
        <sys_updated_on>2024-10-03 15:29:52</sys_updated_on>
        <table>sys_ws_operation</table>
        <use_manifest>false</use_manifest>
    </scan_table_check>
    <sys_translated_text action="delete_multiple" query="documentkey=cd578c158349d25000d5ccc0deaad3f9"/>
</record_update>
