<?xml version="1.0" encoding="UTF-8"?><record_update table="scan_column_type_check">
    <scan_column_type_check action="INSERT_OR_UPDATE">
        <active>true</active>
        <category>code_sanity</category>
        <column_type>script</column_type>
        <description>Retrieving variables can be expensive if there are many of them. It should be avoided to use the variables object in scripted conditions which should be used to determine if the following script should be executed at all.</description>
        <documentation_url/>
        <finding_type/>
        <name>CodeSanity - Variables in conditions</name>
        <priority>1</priority>
        <resolution_details>If there is any logic that depends on the existence or specific values of variables it should be moved into the actual script block. </resolution_details>
        <run_condition/>
        <score_max>100</score_max>
        <score_min>0</score_min>
        <score_scale>1</score_scale>
        <script><![CDATA[(function (engine) {

    if (x_snc_codesanity.IsCheckApplicableToRecord())
	{	
		var IsValidColumn = x_snc_devtools.IsValidColumn;
		var GetStringValue = x_snc_devtools.GetStringValue;

		if (IsValidColumn(current.getRecordClassName(),'condition') == true)
		{
			var strCondition = GetStringValue(current.condition);

			if (strCondition.indexOf('.variables.') != -1)
			{
				engine.finding.increment();
			}
			else if (strCondition.indexOf('.variables[') != -1)
			{
				engine.finding.increment();		 
			}
		}
	}

})(engine);]]></script>
        <short_description>Do not use variables in scripted conditions</short_description>
        <sys_class_name>scan_column_type_check</sys_class_name>
        <sys_created_by>admin</sys_created_by>
        <sys_created_on>2022-03-15 16:49:53</sys_created_on>
        <sys_id>8ae66b38db12cd10b652edb305961996</sys_id>
        <sys_mod_count>4</sys_mod_count>
        <sys_name>CodeSanity - Variables in conditions</sys_name>
        <sys_package display_value="CodeSanity" source="x_snc_codesanity">8ed42c23dbad0510bcced03cd39619ce</sys_package>
        <sys_policy/>
        <sys_scope display_value="CodeSanity">8ed42c23dbad0510bcced03cd39619ce</sys_scope>
        <sys_update_name>scan_column_type_check_8ae66b38db12cd10b652edb305961996</sys_update_name>
        <sys_updated_by>admin</sys_updated_by>
        <sys_updated_on>2022-08-02 14:37:48</sys_updated_on>
    </scan_column_type_check>
    <sys_translated_text action="delete_multiple" query="documentkey=8ae66b38db12cd10b652edb305961996"/>
</record_update>
