<?xml version="1.0" encoding="UTF-8"?><record_update table="scan_check_suite_check">
    <scan_check_suite_check action="INSERT_OR_UPDATE">
        <check display_value="CodeSanity - Bracket-dot anti-pattern">9aeab277dbfe4550bcced03cd396194d</check>
        <score_weight>1</score_weight>
        <suite display_value="CodeSanity">4fcb181bdb4a8510bcced03cd39619eb</suite>
        <sys_class_name>scan_check_suite_check</sys_class_name>
        <sys_created_by>admin</sys_created_by>
        <sys_created_on>2022-04-18 17:50:00</sys_created_on>
        <sys_id>b80b7677dbfe4550bcced03cd39619d2</sys_id>
        <sys_mod_count>0</sys_mod_count>
        <sys_name/>
        <sys_package display_value="CodeSanity" source="x_snc_codesanity">8ed42c23dbad0510bcced03cd39619ce</sys_package>
        <sys_policy/>
        <sys_scope display_value="CodeSanity">8ed42c23dbad0510bcced03cd39619ce</sys_scope>
        <sys_update_name>scan_check_suite_check_b80b7677dbfe4550bcced03cd39619d2</sys_update_name>
        <sys_updated_by>admin</sys_updated_by>
        <sys_updated_on>2022-04-18 17:50:00</sys_updated_on>
    </scan_check_suite_check>
</record_update>
