<?xml version="1.0" encoding="UTF-8"?><record_update table="scan_table_check">
    <scan_table_check action="INSERT_OR_UPDATE">
        <active>true</active>
        <advanced>true</advanced>
        <category>code_sanity</category>
        <conditions/>
        <description>Each System Property must comply with the following naming conventions:&#13;
The system property name must start with the application's scope name (for scoped applications).&#13;
The system property name must consist of lower case characters, numbers, dots and underscores.</description>
        <documentation_url/>
        <finding_type>scan_finding</finding_type>
        <name>CodeSanity - System Property name</name>
        <priority>1</priority>
        <resolution_details>Adjust the name of the System Property and the code and configuration referring to it.&#13;
Sometimes, OOTB System Properties erroneously get created within a scoped application - often leading to system properties starting with "glide.".&#13;
In such cases, the System Property must be re-created in the global scope and removed from the application scope.</resolution_details>
        <run_condition/>
        <score_max>100</score_max>
        <score_min>0</score_min>
        <score_scale>1</score_scale>
        <script><![CDATA[(function (engine) {

	if (x_snc_codesanity.IsCheckApplicableToRecord())
	{
		var strName = x_snc_devtools.GetStringValue(current.name);
		var strScope = x_snc_devtools.GetStringValue(current.sys_scope.scope);
		if (strScope != 'global')
		{
			if (strName.startsWith(strScope) != true)
			{
				engine.finding.increment();
			}
		}
		if (x_snc_devtools.StringCheckRegEx(strName,'^[0-9a-z\\._]*$') == false)
		{
			engine.finding.increment();
		}		
	}

})(engine);]]></script>
        <short_description>A System Property must comply with naming convention</short_description>
        <sys_class_name>scan_table_check</sys_class_name>
        <sys_created_by>admin</sys_created_by>
        <sys_created_on>2024-09-12 12:53:58</sys_created_on>
        <sys_id>a42bdfd28360d61000d5ccc0deaad368</sys_id>
        <sys_mod_count>3</sys_mod_count>
        <sys_name>CodeSanity - System Property name</sys_name>
        <sys_package display_value="CodeSanity" source="x_snc_codesanity">8ed42c23dbad0510bcced03cd39619ce</sys_package>
        <sys_policy/>
        <sys_scope display_value="CodeSanity">8ed42c23dbad0510bcced03cd39619ce</sys_scope>
        <sys_update_name>scan_table_check_a42bdfd28360d61000d5ccc0deaad368</sys_update_name>
        <sys_updated_by>admin</sys_updated_by>
        <sys_updated_on>2024-09-12 13:57:45</sys_updated_on>
        <table>sys_properties</table>
        <use_manifest>false</use_manifest>
    </scan_table_check>
    <sys_translated_text action="delete_multiple" query="documentkey=a42bdfd28360d61000d5ccc0deaad368"/>
</record_update>
