<?xml version="1.0" encoding="UTF-8"?><record_update table="scan_linter_check">
    <scan_linter_check action="INSERT_OR_UPDATE">
        <active>true</active>
        <category>code_sanity</category>
        <description>The DevTools provided class InstallerAPI is used to perform one-time changes on an instance after the installation of a scoped app. The InstallerAPI class accepts a parameter which is used to make sure that installation scripts are not executed twice during an installation - and it helps to improve logging output.</description>
        <documentation_url/>
        <finding_type>scan_finding</finding_type>
        <name>CodeSanity - InstallerAPI without context</name>
        <priority>1</priority>
        <resolution_details>Initialize the InstallerAPI class with a context identifier string - ideally the application name.&#13;
You can use this pattern, where 'x_snc_devtools' should be replaced with your application's scope name:&#13;
var installer = new x_snc_devtools.InstallerAPI(x_snc_devtools.GetAppName('x_snc_devtools'));</resolution_details>
        <run_condition/>
        <score_max>100</score_max>
        <score_min>0</score_min>
        <score_scale>1</score_scale>
        <script><![CDATA[(function (engine) {
	
    if (x_snc_codesanity.IsCheckApplicableToRecord())
	{	

		var GetStringValue = x_snc_devtools.GetStringValue;
		var StringCheckRegEx = x_snc_devtools.StringCheckRegEx;

		var strSource = GetStringValue(engine.rootNode.toSource());

		var strRegEx = '[\\s\\.]?InstallerAPI\\(\\s*\\)';

		if (StringCheckRegEx(strSource,strRegEx,'') == true)
		{
			engine.finding.incrementWithNode(engine.rootNode);
		}

	}
	

})(engine);]]></script>
        <short_description>When initializing the InstallerAPI class, supply a context string</short_description>
        <sys_class_name>scan_linter_check</sys_class_name>
        <sys_created_by>admin</sys_created_by>
        <sys_created_on>2022-07-19 15:40:05</sys_created_on>
        <sys_id>9eaec025dbb49d10dcbdd03cd396192a</sys_id>
        <sys_mod_count>4</sys_mod_count>
        <sys_name>CodeSanity - InstallerAPI without context</sys_name>
        <sys_package display_value="CodeSanity" source="x_snc_codesanity">8ed42c23dbad0510bcced03cd39619ce</sys_package>
        <sys_policy/>
        <sys_scope display_value="CodeSanity">8ed42c23dbad0510bcced03cd39619ce</sys_scope>
        <sys_update_name>scan_linter_check_9eaec025dbb49d10dcbdd03cd396192a</sys_update_name>
        <sys_updated_by>admin</sys_updated_by>
        <sys_updated_on>2022-08-02 12:27:31</sys_updated_on>
    </scan_linter_check>
    <sys_translated_text action="delete_multiple" query="documentkey=9eaec025dbb49d10dcbdd03cd396192a"/>
</record_update>
