<?xml version="1.0" encoding="UTF-8"?><record_update table="scan_table_check">
    <scan_table_check action="INSERT_OR_UPDATE">
        <active>true</active>
        <advanced>true</advanced>
        <category>code_sanity</category>
        <conditions table="sys_atf_schedule">sys_scope!=global^EQ<item display_table="sys_scope" display_value="Global" endquery="false" field="sys_scope" goto="false" newquery="false" operator="!=" or="false" value="global"/>
            <item endquery="true" field="" goto="false" newquery="false" operator="=" or="false" value=""/>
        </conditions>
        <description>Running ATF tests on a regular basis may make sense as part of a CICD process. But it should not an application to be deployed that defined ATF tests to be run on a regular schedule.  Running ATF in production is not in line with ServiceNow's recommendations. And in most cases, such activities are instance specific and hence should be configured explicitly on the corresponding instance.</description>
        <documentation_url/>
        <finding_type>scan_finding</finding_type>
        <name>CodeSanity - Avoid ATF suite schedules</name>
        <priority>1</priority>
        <resolution_details>Remove all ATF Suite Schedules (sys_atf_schedule) records from the scoped app.  If applicable, configure Suite Schedules in the global scope on the corresponding instance directly.</resolution_details>
        <run_condition/>
        <score_max>100</score_max>
        <score_min>0</score_min>
        <score_scale>1</score_scale>
        <script><![CDATA[(function (engine) {

	if (x_snc_codesanity.IsCheckApplicableToRecord())
	{
		engine.finding.increment();
	}

})(engine);]]></script>
        <short_description>Scoped apps must not contain any ATF suite schedules</short_description>
        <sys_class_name>scan_table_check</sys_class_name>
        <sys_created_by>admin</sys_created_by>
        <sys_created_on>2023-01-26 16:55:17</sys_created_on>
        <sys_id>f5f6c0c7dba821506a03dad1f39619d6</sys_id>
        <sys_mod_count>3</sys_mod_count>
        <sys_name>CodeSanity - Avoid ATF suite schedules</sys_name>
        <sys_package display_value="CodeSanity" source="x_snc_codesanity">8ed42c23dbad0510bcced03cd39619ce</sys_package>
        <sys_policy/>
        <sys_scope display_value="CodeSanity">8ed42c23dbad0510bcced03cd39619ce</sys_scope>
        <sys_update_name>scan_table_check_f5f6c0c7dba821506a03dad1f39619d6</sys_update_name>
        <sys_updated_by>admin</sys_updated_by>
        <sys_updated_on>2023-02-23 14:15:24</sys_updated_on>
        <table>sys_atf_schedule</table>
        <use_manifest>false</use_manifest>
    </scan_table_check>
    <sys_translated_text action="delete_multiple" query="documentkey=f5f6c0c7dba821506a03dad1f39619d6"/>
</record_update>
