<?xml version="1.0" encoding="UTF-8"?><record_update table="scan_table_check">
    <scan_table_check action="INSERT_OR_UPDATE">
        <active>true</active>
        <advanced>true</advanced>
        <category>code_sanity</category>
        <conditions/>
        <description>Credentials - i.e. user names and passwords must never be stored in a source control system repository. As an application file, a Data Source record may also be committed to a repository - and hence must not contain any credentials. The design of a Data Source record implies that credentials are story within the record - which makes it impossible to separate logic (the specifics of the data source) and data (credentials in that case).</description>
        <documentation_url/>
        <finding_type>scan_finding</finding_type>
        <name>CodeSanity - Data Sources must not contain credentials</name>
        <priority>1</priority>
        <resolution_details>In order to make use of Data Sources in an application that is maintained in a source control system, the required credentials must be added to the record before the Data Source is executed (e.g., by a Data Source Schedule) and then removed. The record must not contain any credentials when it is committed to source control - as credentials would then be exposed to everyone with read access to the repository. In that scenario credentials must be changed immediately.</resolution_details>
        <run_condition/>
        <score_max>100</score_max>
        <score_min>0</score_min>
        <score_scale>1</score_scale>
        <script><![CDATA[(function (engine) {

	if (x_snc_codesanity.IsCheckApplicableToRecord())
	{
		if (current.jdbc_user_name != '')
		{
			engine.finding.increment();
		}
		if (current.scp_user_name != '')
		{
			engine.finding.increment();
		}
		if (current.getValue('jdbc_password') != null)
		{
			engine.finding.increment();
		}
		if (current.getValue('scp_password') != null)
		{
			engine.finding.increment();
		}
	}

})(engine);]]></script>
        <short_description>A Data Source record must not contain credentials</short_description>
        <sys_class_name>scan_table_check</sys_class_name>
        <sys_created_by>admin</sys_created_by>
        <sys_created_on>2023-11-08 16:42:35</sys_created_on>
        <sys_id>08fa30831b1a7d106c17fdd49b4bcb85</sys_id>
        <sys_mod_count>10</sys_mod_count>
        <sys_name>CodeSanity - Data Sources must not contain credentials</sys_name>
        <sys_package display_value="CodeSanity" source="x_snc_codesanity">8ed42c23dbad0510bcced03cd39619ce</sys_package>
        <sys_policy/>
        <sys_scope display_value="CodeSanity">8ed42c23dbad0510bcced03cd39619ce</sys_scope>
        <sys_update_name>scan_table_check_08fa30831b1a7d106c17fdd49b4bcb85</sys_update_name>
        <sys_updated_by>admin</sys_updated_by>
        <sys_updated_on>2024-07-02 10:04:49</sys_updated_on>
        <table>sys_data_source</table>
        <use_manifest>false</use_manifest>
    </scan_table_check>
    <sys_translated_text action="delete_multiple" query="documentkey=08fa30831b1a7d106c17fdd49b4bcb85"/>
</record_update>
