<?xml version="1.0" encoding="UTF-8"?><record_update table="scan_table_check">
    <scan_table_check action="INSERT_OR_UPDATE">
        <active>true</active>
        <advanced>true</advanced>
        <category>code_sanity</category>
        <conditions/>
        <description>The AppInstall() function of a scoped application is designed to be executed as part of the installation process. Whatever cannot be shipped as part of the scoped application can be done via script within the AppInstall() function. However, no changes to records should be done "directly" using GlideRecord or other OOTB API functions. Instead only functions contained in the DevTools InstallerAPI class should be used. This ensures consistent logging and error handling and allows to determine which modifications are to be expected from the AppInstall() script without actually performing the modifications. As a result update(), insert() and updateMultiple() and deleteRecord() functions are not allowed with AppInstall Script Includes.</description>
        <documentation_url/>
        <finding_type>scan_finding</finding_type>
        <name>CodeSanity - AppInstall must not modify records directly</name>
        <priority>1</priority>
        <resolution_details>Use functions contained in the DevTools InstallerAPI class instead to perform record modifications.</resolution_details>
        <run_condition/>
        <score_max>100</score_max>
        <score_min>0</score_min>
        <score_scale>1</score_scale>
        <script><![CDATA[(function (engine) {

	if (x_snc_codesanity.IsCheckApplicableToRecord())
	{
		var strName = x_snc_devtools.GetStringValue(current.name);
		if (strName.startsWith('AppInstall') == true)
		{
			var strScript = x_snc_devtools.GetStringValue(current.script);
			strScript = x_snc_devtools.ScriptRemoveComments(strScript);
			strScript = x_snc_devtools.ScriptEmptyStringLiterals(strScript);

			var aForbiddenFunctions = [
				// GlideRecord and GlideQuery
				'insert',
				'update',
				'updateMultiple',
				'deleteRecord',
				'deleteMultiple',
				// GlideQuery
				'insertOrUpdate',
				// DevTools cross scope helper functions
				'GlideRecordInsert',
				'GlideRecordUpdate',
				'GlideRecordUpdateMultiple',
				'GlideRecordDelete',
				'GlideRecordDeleteMultiple',				
			];

			for (var nFunction = 0; nFunction < aForbiddenFunctions.length; nFunction++)
			{
				var strForbiddenFunction = aForbiddenFunctions[nFunction];
				var strRegEx = '\\.\\s*'+strForbiddenFunction+'\\s*\\(';
				if (x_snc_devtools.StringCheckRegEx(strScript,strRegEx) == true)
				{
					engine.finding.increment();
				}	
			}
		}
	}

})(engine);]]></script>
        <short_description>AppInstall must not modify records directly</short_description>
        <sys_class_name>scan_table_check</sys_class_name>
        <sys_created_by>admin</sys_created_by>
        <sys_created_on>2024-01-17 11:34:20</sys_created_on>
        <sys_id>bbe450251bb77d106c17fdd49b4bcb62</sys_id>
        <sys_mod_count>14</sys_mod_count>
        <sys_name>CodeSanity - AppInstall must not modify records directly</sys_name>
        <sys_package display_value="CodeSanity" source="x_snc_codesanity">8ed42c23dbad0510bcced03cd39619ce</sys_package>
        <sys_policy/>
        <sys_scope display_value="CodeSanity">8ed42c23dbad0510bcced03cd39619ce</sys_scope>
        <sys_update_name>scan_table_check_bbe450251bb77d106c17fdd49b4bcb62</sys_update_name>
        <sys_updated_by>admin</sys_updated_by>
        <sys_updated_on>2024-07-10 15:40:39</sys_updated_on>
        <table>sys_script_include</table>
        <use_manifest>false</use_manifest>
    </scan_table_check>
    <sys_translated_text action="delete_multiple" query="documentkey=bbe450251bb77d106c17fdd49b4bcb62"/>
</record_update>
