<?xml version="1.0" encoding="UTF-8"?><record_update table="scan_table_check">
    <scan_table_check action="INSERT_OR_UPDATE">
        <active>true</active>
        <advanced>true</advanced>
        <category>code_sanity</category>
        <conditions/>
        <description>UI Actions should either be executed on the server side or on the client side. However, the platform supports a pattern that allows a mix of server and client side code. This pattern is described in KB1005843 and is used in some OOTB UI Actions.&#13;
This pattern should NOT be used for the following reasons:&#13;
1. Including server-side code in a UI Action script that is executed on the client-side exposes logic that is to be executed on the server - which may potentially be used by an attacker - and hence implies a security risk.&#13;
2. To maintain code quality Instance Scan checks or other static code analysis tools can used to analyze code. However, different rules may apply for client-side and server-side code - which makes it extremely difficult to assess compliance to the coding guideline if client-side and server-side code is mixed in a single script.&#13;
3. Server-side code in a UI Action script field is more difficult to test in isolation. Any server-side logic should be placed in a Script Include which can then be tested in server-side test steps in ATFs anyway. So the only server-side code in UI Actions should be calling functions from Script Includes and potentially generate error and success messages to be displayed to the user. If code is not mixed in a UI Action, any client-sided UI Action would not contain ANY server-side code, which results in more server-side logic being placed in Script Includes - which then results in better testability. </description>
        <documentation_url>https://support.servicenow.com/kb?id=kb_article_view&amp;sysparm_article=KB1005843</documentation_url>
        <finding_type>scan_finding</finding_type>
        <name>CodeSanity - UI Action must not mix client and server code</name>
        <priority>1</priority>
        <resolution_details>UI Actions that use the described pattern must be refactored to contain either client-sided or server-sided code only.&#13;
The typical use-case for the pattern are operations that require some user interaction before a server-sided process is started.&#13;
E.g. this could be an additional confirmation dialog that a user must answer or additional data checks that may result in specific messages to be displayed to the user.&#13;
In that case, the UI Action should be using a client-side script that manages the user interaction and performs one or more AJAX request to a client-callable Script Include to trigger the server-side operation.&#13;
This pattern also allows to start lengthy operations while displaying a progress dialog to the user. The client script then also maintains full control over the page to be navigated to at the end of the operation if required.</resolution_details>
        <run_condition/>
        <score_max>100</score_max>
        <score_min>0</score_min>
        <score_scale>1</score_scale>
        <script><![CDATA[(function (engine) {

	if (x_snc_codesanity.IsCheckApplicableToRecord())
	{
		var bFinding = false;
		if (current.client == true)
		{
			var strScript = x_snc_devtools.GetStringValue(current.script);
			strScript = x_snc_devtools.ScriptRemoveComments(strScript);
			strScript = x_snc_devtools.ScriptEmptyStringLiterals(strScript);			
			if (strScript.indexOf('current') != -1)
			{
				bFinding = true;
			}
			if (strScript.indexOf('typeof window') != -1)
			{
				bFinding = true;
			}
			if (strScript.indexOf('GetType(window)') != -1)
			{
				bFinding = true;
			}
		}
		if (bFinding == true)
		{
			engine.finding.increment();
		}
	}

})(engine);]]></script>
        <short_description>UI Actions must not mix client and server code in a single script</short_description>
        <sys_class_name>scan_table_check</sys_class_name>
        <sys_created_by>admin</sys_created_by>
        <sys_created_on>2024-07-09 09:07:54</sys_created_on>
        <sys_id>ba77bb15db53ca10f0f1d03cd39619c3</sys_id>
        <sys_mod_count>9</sys_mod_count>
        <sys_name>CodeSanity - UI Action must not mix client and server code</sys_name>
        <sys_package display_value="CodeSanity" source="x_snc_codesanity">8ed42c23dbad0510bcced03cd39619ce</sys_package>
        <sys_policy/>
        <sys_scope display_value="CodeSanity">8ed42c23dbad0510bcced03cd39619ce</sys_scope>
        <sys_update_name>scan_table_check_ba77bb15db53ca10f0f1d03cd39619c3</sys_update_name>
        <sys_updated_by>admin</sys_updated_by>
        <sys_updated_on>2024-07-10 15:42:15</sys_updated_on>
        <table>sys_ui_action</table>
        <use_manifest>false</use_manifest>
    </scan_table_check>
    <sys_translated_text action="delete_multiple" query="documentkey=ba77bb15db53ca10f0f1d03cd39619c3"/>
</record_update>
