<?xml version="1.0" encoding="UTF-8"?><record_update table="scan_table_check">
    <scan_table_check action="INSERT_OR_UPDATE">
        <active>true</active>
        <advanced>true</advanced>
        <category>code_sanity</category>
        <conditions/>
        <description>Checks are code and any code should be tested. ATF tests should cover all checks that are defined in an application.</description>
        <documentation_url/>
        <finding_type>scan_finding</finding_type>
        <name>CodeSanity - ATF tests for checks</name>
        <priority>1</priority>
        <resolution_details>Add an ATF test in the same scope as the check. The ATF test name should contain the name of the check.</resolution_details>
        <run_condition/>
        <score_max>100</score_max>
        <score_min>0</score_min>
        <score_scale>1</score_scale>
        <script><![CDATA[(function (engine) {

    if (x_snc_codesanity.IsCheckApplicableToRecord())
	{
		var grTest = new GlideRecord('sys_atf_test');
		grTest.addQuery('sys_scope','=',current.sys_scope);
		grTest.addQuery('name','CONTAINS',current.name);
		grTest.query();
		if (grTest.next() == false)
		{
			engine.finding.increment();
		}
	}

})(engine);]]></script>
        <short_description>All checks should be tested using ATF tests</short_description>
        <sys_class_name>scan_table_check</sys_class_name>
        <sys_created_by>admin</sys_created_by>
        <sys_created_on>2022-08-02 08:38:37</sys_created_on>
        <sys_id>53d43af1db8599109232dad1f396192c</sys_id>
        <sys_mod_count>4</sys_mod_count>
        <sys_name>CodeSanity - ATF tests for checks</sys_name>
        <sys_package display_value="CodeSanity" source="x_snc_codesanity">8ed42c23dbad0510bcced03cd39619ce</sys_package>
        <sys_policy/>
        <sys_scope display_value="CodeSanity">8ed42c23dbad0510bcced03cd39619ce</sys_scope>
        <sys_update_name>scan_table_check_53d43af1db8599109232dad1f396192c</sys_update_name>
        <sys_updated_by>admin</sys_updated_by>
        <sys_updated_on>2022-11-24 06:53:58</sys_updated_on>
        <table>scan_check</table>
        <use_manifest>false</use_manifest>
    </scan_table_check>
    <sys_translated_text action="delete_multiple" query="documentkey=53d43af1db8599109232dad1f396192c"/>
</record_update>
