<?xml version="1.0" encoding="UTF-8"?><record_update table="scan_table_check">
    <scan_table_check action="INSERT_OR_UPDATE">
        <active>true</active>
        <advanced>true</advanced>
        <category>code_sanity</category>
        <conditions/>
        <description>Each Business Rule must have a description in the description field. The description should describe what the  Business Rule does.&#13;
The description field is not visible in the Business Rule form in the OOTB default view - yet it exists - and DevTools adds the description field to the view during installation.</description>
        <documentation_url/>
        <finding_type>scan_finding</finding_type>
        <name>CodeSanity - Business Rule description</name>
        <priority>1</priority>
        <resolution_details>Add a description to the description field of the Business Rule.</resolution_details>
        <run_condition/>
        <score_max>100</score_max>
        <score_min>0</score_min>
        <score_scale>1</score_scale>
        <script><![CDATA[(function (engine) {

	if (x_snc_codesanity.IsCheckApplicableToRecord())
	{
		if (x_snc_devtools.GetStringValue(current.description) == '')
		{
			engine.finding.increment();
		}
	}

})(engine);]]></script>
        <short_description>A Business Rule must have a description</short_description>
        <sys_class_name>scan_table_check</sys_class_name>
        <sys_created_by>admin</sys_created_by>
        <sys_created_on>2023-02-19 14:41:00</sys_created_on>
        <sys_id>7d0fc7aedb81a1106a03dad1f3961983</sys_id>
        <sys_mod_count>2</sys_mod_count>
        <sys_name>CodeSanity - Business Rule description</sys_name>
        <sys_package display_value="CodeSanity" source="x_snc_codesanity">8ed42c23dbad0510bcced03cd39619ce</sys_package>
        <sys_policy/>
        <sys_scope display_value="CodeSanity">8ed42c23dbad0510bcced03cd39619ce</sys_scope>
        <sys_update_name>scan_table_check_7d0fc7aedb81a1106a03dad1f3961983</sys_update_name>
        <sys_updated_by>admin</sys_updated_by>
        <sys_updated_on>2023-02-23 14:22:53</sys_updated_on>
        <table>sys_script</table>
        <use_manifest>false</use_manifest>
    </scan_table_check>
    <sys_translated_text action="delete_multiple" query="documentkey=7d0fc7aedb81a1106a03dad1f3961983"/>
</record_update>
