<?xml version="1.0" encoding="UTF-8"?><record_update table="scan_table_check">
    <scan_table_check action="INSERT_OR_UPDATE">
        <active>true</active>
        <advanced>true</advanced>
        <category>code_sanity</category>
        <conditions/>
        <description>A Script Include that does neither starts with "function", "class" nor "var" may unintendedly inject symbols into the global namespace - which may lead to unintended side-effects when the code is being executed. Script Includes should always contain exactly one function or class definition.&#13;
In addition, the function or class must be named exactly like the Script Include itself.</description>
        <documentation_url/>
        <finding_type/>
        <name>CodeSanity - Script Include must contain a class or function</name>
        <priority>1</priority>
        <resolution_details>Refactor the code in the Script Include to contain either a function or a class of the same name like the Script Include.</resolution_details>
        <run_condition/>
        <score_max>100</score_max>
        <score_min>0</score_min>
        <score_scale>1</score_scale>
        <script><![CDATA[(function (engine) {
	
	if (x_snc_codesanity.IsCheckApplicableToRecord())
	{
		var GetStringValue = x_snc_devtools.GetStringValue;
		var StringCheckRegEx = x_snc_devtools.StringCheckRegEx;

		var strSource = GetStringValue(current.script);
		strSource = x_snc_devtools.ScriptRemoveComments(strSource);

		var strName = GetStringValue(current.name);

		var bOK = false;

		if (StringCheckRegEx(strSource,'^\\s*var\\s+'+strName+'\\s*=\\s*Class\\.create\\s*\\(\\s*\\)\\s*;','') == true)
		{
			bOK = true;
		}

		if (StringCheckRegEx(strSource,'^\\s*function\\s+'+strName+'\\s*\\(') == true)
		{
			bOK = true;
		}
		
		if (StringCheckRegEx(strSource,'^\\s*class\\s+'+strName+'\\s+') == true)
		{
			bOK = true;
		}	

		if (bOK == false)
		{
			engine.finding.increment();
		}
	}
	
})(engine);]]></script>
        <short_description>A Script Include must start with "function", "var" or "class" to avoid globals</short_description>
        <sys_class_name>scan_table_check</sys_class_name>
        <sys_created_by>admin</sys_created_by>
        <sys_created_on>2022-05-25 14:55:44</sys_created_on>
        <sys_id>a625743fdb2f0914bcced03cd39619a8</sys_id>
        <sys_mod_count>46</sys_mod_count>
        <sys_name>CodeSanity - Script Include must contain a class or function</sys_name>
        <sys_package display_value="CodeSanity" source="x_snc_codesanity">8ed42c23dbad0510bcced03cd39619ce</sys_package>
        <sys_policy/>
        <sys_scope display_value="CodeSanity">8ed42c23dbad0510bcced03cd39619ce</sys_scope>
        <sys_update_name>scan_table_check_a625743fdb2f0914bcced03cd39619a8</sys_update_name>
        <sys_updated_by>admin</sys_updated_by>
        <sys_updated_on>2024-02-05 09:47:25</sys_updated_on>
        <table>sys_script_include</table>
        <use_manifest>false</use_manifest>
    </scan_table_check>
    <sys_translated_text action="delete_multiple" query="documentkey=a625743fdb2f0914bcced03cd39619a8"/>
</record_update>
