<?xml version="1.0" encoding="UTF-8"?><record_update table="scan_table_check">
    <scan_table_check action="INSERT_OR_UPDATE">
        <active>true</active>
        <advanced>true</advanced>
        <category>code_sanity</category>
        <conditions/>
        <description>All widget server scripts should check for input that is provided by the client script. Hence the pattern "if (input)" must exist at least once within a server script. </description>
        <documentation_url/>
        <finding_type>scan_finding</finding_type>
        <name>CodeSanity - Widget checks for input</name>
        <priority>1</priority>
        <resolution_details>Refactor the code so that any input processing is done within the scope of the "if (input)" statement.</resolution_details>
        <run_condition/>
        <score_max>100</score_max>
        <score_min>0</score_min>
        <score_scale>1</score_scale>
        <script><![CDATA[(function (engine) {
	
	if (x_snc_codesanity.IsCheckApplicableToRecord())
	{
		var GetStringValue = x_snc_devtools.GetStringValue;
		var StringCheckRegEx = x_snc_devtools.StringCheckRegEx;

		var strSource = GetStringValue(current.script);


		if (StringCheckRegEx(strSource,'if\\s*\\(\\s*input\\s*\\)') == false)
		{
			engine.finding.increment();
		}
	}

})(engine);]]></script>
        <short_description>A widget's server script must check if input is provided</short_description>
        <sys_class_name>scan_table_check</sys_class_name>
        <sys_created_by>admin</sys_created_by>
        <sys_created_on>2022-07-27 15:37:15</sys_created_on>
        <sys_id>f80bd540db495510dcbdd03cd39619db</sys_id>
        <sys_mod_count>4</sys_mod_count>
        <sys_name>CodeSanity - Widget checks for input</sys_name>
        <sys_package display_value="CodeSanity" source="x_snc_codesanity">8ed42c23dbad0510bcced03cd39619ce</sys_package>
        <sys_policy/>
        <sys_scope display_value="CodeSanity">8ed42c23dbad0510bcced03cd39619ce</sys_scope>
        <sys_update_name>scan_table_check_f80bd540db495510dcbdd03cd39619db</sys_update_name>
        <sys_updated_by>admin</sys_updated_by>
        <sys_updated_on>2022-08-02 08:14:04</sys_updated_on>
        <table>sp_widget</table>
        <use_manifest>false</use_manifest>
    </scan_table_check>
    <sys_translated_text action="delete_multiple" query="documentkey=f80bd540db495510dcbdd03cd39619db"/>
</record_update>
