<?xml version="1.0" encoding="UTF-8"?><record_update table="scan_table_check">
    <scan_table_check action="INSERT_OR_UPDATE">
        <active>true</active>
        <advanced>true</advanced>
        <category>code_sanity</category>
        <conditions/>
        <description>Each Script Include must be tested and verified through ATF tests. Hence for every Script Include there must be an ATF test the verifies its functionality. An ATF test must exist in the same application as the Script Include that contains the name of the Script Include. &#13;
Various exceptions are being made for Script Includes that contain standard application functions created by the DevTools AppBuilder function (like Log, Debug, AppGetDependencies etc.).&#13;
Script Includes which end with "ClientAPI" and are client callable are considered exceptions as they are supposed to be called from the client side and require specific testing approaches.&#13;
Script Includes ending with "WorkerAPI" should only contain proxy functions and should only be used to start such functions as length background processes and hence are also considered as an exception.</description>
        <documentation_url/>
        <finding_type>scan_finding</finding_type>
        <name>CodeSanity - ATF tests for Script Includes</name>
        <priority>1</priority>
        <resolution_details>Create an ATF test that checks the behavior of the script include. Make sure that the name of the script include is contained in the name of the ATF test. </resolution_details>
        <run_condition/>
        <score_max>100</score_max>
        <score_min>0</score_min>
        <score_scale>1</score_scale>
        <script><![CDATA[(function (engine) {

	if (x_snc_codesanity.IsCheckApplicableToRecord())
	{
		var strName = x_snc_devtools.GetStringValue(current.name);
		
		var aExceptions = [
			'Debug',
			'Log',
			'LogWarning',
			'LogError',
			'IsActive',
			'AppGetDependencies',
			'AppInstall',
			'AppBaseline',
			'AppBuilder',
			'AppSetDefaults',
			'AppGetProperty',
			'AppSetProperty',
			'AppCreateTestData',
			'Dev'+'Tools', // This is to avoid a false positive from the check to identify app names in code (as this is a Script Include name)
			'DevToolsGetFormatConfig',
			'DevToolsGetParentRecord',
			'DevToolsGetLinkDirectory',
			'DevToolsGetApplicationStatus',
			'DevToolsRenderDebugDump',
			'DevToolsGetInstancePipelineName',
			'DevToolsAppVersionBaselineOnFinish'
		];
		
		if (x_snc_devtools.ArrayValueExists(aExceptions,strName) == true)
		{
			return;
		}
		
		// ClientAPIs are supposed to be called from the client side and should not contain any signifcant logic of their own
		if ((strName.endsWith('ClientAPI') == true) && (current.client_callable == true))
		{
			return;
		}

		// WorkerAPIs are supposed to be used as proxies to other functions to invoke them as background processes
		if (strName.endsWith('WorkerAPI') == true)
		{
			return;
		}		
		
		var grTest = x_snc_devtools.GetTestRecord(current);
		if (x_snc_devtools.IsValidRecord(grTest) == false)
		{
			engine.finding.increment();	
		}

		/*
		var grTest = new GlideRecord('sys_atf_test');
		grTest.addQuery('sys_scope','=',current.sys_scope);
		grTest.addQuery('name','CONTAINS',strName);
		grTest.query();
		if (grTest.next() == false)
		{
			engine.finding.increment();
		}
		*/

	}

})(engine);]]></script>
        <short_description>All Script Includes must be tested by a dedicated ATF test</short_description>
        <sys_class_name>scan_table_check</sys_class_name>
        <sys_created_by>admin</sys_created_by>
        <sys_created_on>2022-11-24 06:54:13</sys_created_on>
        <sys_id>e1b1e922db5b19106a03dad1f39619a2</sys_id>
        <sys_mod_count>27</sys_mod_count>
        <sys_name>CodeSanity - ATF tests for Script Includes</sys_name>
        <sys_package display_value="CodeSanity" source="x_snc_codesanity">8ed42c23dbad0510bcced03cd39619ce</sys_package>
        <sys_policy/>
        <sys_scope display_value="CodeSanity">8ed42c23dbad0510bcced03cd39619ce</sys_scope>
        <sys_update_name>scan_table_check_e1b1e922db5b19106a03dad1f39619a2</sys_update_name>
        <sys_updated_by>admin</sys_updated_by>
        <sys_updated_on>2024-11-02 12:23:43</sys_updated_on>
        <table>sys_script_include</table>
        <use_manifest>false</use_manifest>
    </scan_table_check>
    <sys_translated_text action="delete_multiple" query="documentkey=e1b1e922db5b19106a03dad1f39619a2"/>
</record_update>
