<?xml version="1.0" encoding="UTF-8"?><record_update table="scan_table_check">
    <scan_table_check action="INSERT_OR_UPDATE">
        <active>true</active>
        <advanced>true</advanced>
        <category>code_sanity</category>
        <conditions/>
        <description>In a table scan script the engine object does not contain the current object. Instead, the current object is just made available as a global variable.</description>
        <documentation_url/>
        <finding_type>scan_finding</finding_type>
        <name>CodeSanity - Avoid engine.current</name>
        <priority>1</priority>
        <resolution_details>In case a table scan script uses the pattern "engine.current", replace it by "current".</resolution_details>
        <run_condition/>
        <score_max>100</score_max>
        <score_min>0</score_min>
        <score_scale>1</score_scale>
        <script><![CDATA[(function (engine) {

	if (x_snc_codesanity.IsCheckApplicableToRecord())
	{
		var strScript = x_snc_devtools.GetStringValue(current.script);
		if (strScript.indexOf('engine.current') != -1)
		{
			engine.finding.increment();
		}
	}

})(engine);]]></script>
        <short_description>Avoid using "engine.current" in a table scan script.</short_description>
        <sys_class_name>scan_table_check</sys_class_name>
        <sys_created_by>admin</sys_created_by>
        <sys_created_on>2022-10-14 13:21:17</sys_created_on>
        <sys_id>c76137d147a61d10a4b0d4fe536d43d5</sys_id>
        <sys_mod_count>6</sys_mod_count>
        <sys_name>CodeSanity - Avoid engine.current</sys_name>
        <sys_package display_value="CodeSanity" source="x_snc_codesanity">8ed42c23dbad0510bcced03cd39619ce</sys_package>
        <sys_policy/>
        <sys_scope display_value="CodeSanity">8ed42c23dbad0510bcced03cd39619ce</sys_scope>
        <sys_update_name>scan_table_check_c76137d147a61d10a4b0d4fe536d43d5</sys_update_name>
        <sys_updated_by>admin</sys_updated_by>
        <sys_updated_on>2023-02-23 14:12:05</sys_updated_on>
        <table>scan_table_check</table>
        <use_manifest>false</use_manifest>
    </scan_table_check>
    <sys_translated_text action="delete_multiple" query="documentkey=c76137d147a61d10a4b0d4fe536d43d5"/>
</record_update>
