<?xml version="1.0" encoding="UTF-8"?><record_update table="scan_table_check">
    <scan_table_check action="INSERT_OR_UPDATE">
        <active>true</active>
        <advanced>true</advanced>
        <category>code_sanity</category>
        <conditions table="sys_app">scope!=global^EQ<item endquery="false" field="scope" goto="false" newquery="false" operator="!=" or="false" value="global"/>
            <item endquery="true" field="" goto="false" newquery="false" operator="=" or="false" value=""/>
        </conditions>
        <description>Every scoped app should contain the system property logging.verbosity to define the logging verbosity level. This controls whether gs.debug(), gs.info(), gs.warn() or only gs.error() actually produce log output. </description>
        <documentation_url>https://support.servicenow.com/kb?id=kb_article_view&amp;sysparm_article=KB0714743</documentation_url>
        <finding_type/>
        <name>CodeSanity - logging.verbosity system property</name>
        <priority>1</priority>
        <resolution_details>Add the system property "logging.verbosity" to the scoped app as a choice list. Valid choices are "debug", "info", "warn" and "error".</resolution_details>
        <run_condition/>
        <score_max>100</score_max>
        <score_min>0</score_min>
        <score_scale>1</score_scale>
        <script><![CDATA[(function (engine) {
	
	if (x_snc_codesanity.IsCheckApplicableToRecord())
	{
		var grProperty = new GlideRecord('sys_properties');
		grProperty.addQuery('sys_scope', current.sys_id);
		grProperty.addQuery('name', current.scope+'.logging.verbosity');
		grProperty.addQuery('type', 'choicelist');
		grProperty.query();
		if (grProperty.getRowCount() == 0)
		{
			engine.finding.setCurrentSource(current);
			engine.finding.increment();
		}
	}
		
})(engine);]]></script>
        <short_description>Applications should support the logging.verbosity system property</short_description>
        <sys_class_name>scan_table_check</sys_class_name>
        <sys_created_by>admin</sys_created_by>
        <sys_created_on>2022-06-10 17:26:19</sys_created_on>
        <sys_id>1d80f37cdb04d510bcced03cd3961988</sys_id>
        <sys_mod_count>14</sys_mod_count>
        <sys_name>CodeSanity - logging.verbosity system property</sys_name>
        <sys_package display_value="CodeSanity" source="x_snc_codesanity">8ed42c23dbad0510bcced03cd39619ce</sys_package>
        <sys_policy/>
        <sys_scope display_value="CodeSanity">8ed42c23dbad0510bcced03cd39619ce</sys_scope>
        <sys_update_name>scan_table_check_1d80f37cdb04d510bcced03cd3961988</sys_update_name>
        <sys_updated_by>admin</sys_updated_by>
        <sys_updated_on>2023-02-02 15:32:47</sys_updated_on>
        <table>sys_app</table>
        <use_manifest>false</use_manifest>
    </scan_table_check>
    <sys_translated_text action="delete_multiple" query="documentkey=1d80f37cdb04d510bcced03cd3961988"/>
</record_update>
