<?xml version="1.0" encoding="UTF-8"?><record_update table="scan_table_check">
    <scan_table_check action="INSERT_OR_UPDATE">
        <active>true</active>
        <advanced>true</advanced>
        <category>code_sanity</category>
        <conditions/>
        <description>UI Actions that are configured for client-side execution must use an onClick function which name starts with "onClick" - e.g. "onClickResolveIncident" - to avoid name clashes with other functions that may be defined on the client side.</description>
        <documentation_url/>
        <finding_type>scan_finding</finding_type>
        <name>CodeSanity - UI Action onClick function naming</name>
        <priority>1</priority>
        <resolution_details>If a function name is defined that does not start with "onClick" the function should be renamed in the Onclick field and in the functon definition in the script.</resolution_details>
        <run_condition/>
        <score_max>100</score_max>
        <score_min>0</score_min>
        <score_scale>1</score_scale>
        <script><![CDATA[(function (engine) {

	if (x_snc_codesanity.IsCheckApplicableToRecord())
	{
		if (current.client == true)
		{
			var strFunctionName = x_snc_devtools.GetStringValue(current.onclick);
			if (strFunctionName.indexOf('onClick') != 0)
			{
				engine.finding.increment();
			}
		}
	}

})(engine);]]></script>
        <short_description>Client-side UI Action onClick function name must start with "onClick"</short_description>
        <sys_class_name>scan_table_check</sys_class_name>
        <sys_created_by>admin</sys_created_by>
        <sys_created_on>2024-07-09 08:42:24</sys_created_on>
        <sys_id>09c0735ddb13ca10f0f1d03cd39619a4</sys_id>
        <sys_mod_count>2</sys_mod_count>
        <sys_name>CodeSanity - UI Action onClick function naming</sys_name>
        <sys_package display_value="CodeSanity" source="x_snc_codesanity">8ed42c23dbad0510bcced03cd39619ce</sys_package>
        <sys_policy/>
        <sys_scope display_value="CodeSanity">8ed42c23dbad0510bcced03cd39619ce</sys_scope>
        <sys_update_name>scan_table_check_09c0735ddb13ca10f0f1d03cd39619a4</sys_update_name>
        <sys_updated_by>admin</sys_updated_by>
        <sys_updated_on>2024-07-09 08:53:16</sys_updated_on>
        <table>sys_ui_action</table>
        <use_manifest>false</use_manifest>
    </scan_table_check>
    <sys_translated_text action="delete_multiple" query="documentkey=09c0735ddb13ca10f0f1d03cd39619a4"/>
</record_update>
