<?xml version="1.0" encoding="UTF-8"?><record_update table="scan_table_check">
    <scan_table_check action="INSERT_OR_UPDATE">
        <active>true</active>
        <advanced>true</advanced>
        <category>code_sanity</category>
        <conditions/>
        <description>Writing automated tests is a good habit. And its never too late to get started. Each application should at least have an ATF test suite (named after the application itself) so that there is a place to group all tests that are related to the application.</description>
        <documentation_url/>
        <finding_type>scan_finding</finding_type>
        <name>CodeSanity - Application ATF test suite</name>
        <priority>1</priority>
        <resolution_details>Add an ATF test suite in the scope of the application. Name the suite exactly like the application.</resolution_details>
        <run_condition/>
        <score_max>100</score_max>
        <score_min>0</score_min>
        <score_scale>1</score_scale>
        <script><![CDATA[(function (engine) {

	if (x_snc_codesanity.IsCheckApplicableToRecord())
	{
		var grSuite = new GlideRecord('sys_atf_test_suite');
		grSuite.addQuery('sys_scope', current.sys_id);
		grSuite.addQuery('name', x_snc_devtools.GetAppName(current));
		grSuite.query();
		if (grSuite.getRowCount() == 0)
		{
			engine.finding.increment();
		}
	}

})(engine);]]></script>
        <short_description>An application should have an ATF test suite named after the application</short_description>
        <sys_class_name>scan_table_check</sys_class_name>
        <sys_created_by>admin</sys_created_by>
        <sys_created_on>2022-10-14 09:12:53</sys_created_on>
        <sys_id>31583a9947eed910a4b0d4fe536d432a</sys_id>
        <sys_mod_count>15</sys_mod_count>
        <sys_name>CodeSanity - Application ATF test suite</sys_name>
        <sys_package display_value="CodeSanity" source="x_snc_codesanity">8ed42c23dbad0510bcced03cd39619ce</sys_package>
        <sys_policy/>
        <sys_scope display_value="CodeSanity">8ed42c23dbad0510bcced03cd39619ce</sys_scope>
        <sys_update_name>scan_table_check_31583a9947eed910a4b0d4fe536d432a</sys_update_name>
        <sys_updated_by>admin</sys_updated_by>
        <sys_updated_on>2022-12-06 13:55:45</sys_updated_on>
        <table>sys_app</table>
        <use_manifest>false</use_manifest>
    </scan_table_check>
    <sys_translated_text action="delete_multiple" query="documentkey=31583a9947eed910a4b0d4fe536d432a"/>
</record_update>
