<?xml version="1.0" encoding="UTF-8"?><record_update table="scan_table_check">
    <scan_table_check action="INSERT_OR_UPDATE">
        <active>true</active>
        <advanced>true</advanced>
        <category>code_sanity</category>
        <conditions table="sys_user_role">nameENDSWITH_user^EQ<item endquery="false" field="name" goto="false" newquery="false" operator="ENDSWITH" or="false" value="_user"/>
            <item endquery="true" field="" goto="false" newquery="false" operator="=" or="false" value=""/>
        </conditions>
        <description>The name of a role must not end with "_user". Roles are assigned to users. A role represents a set of access privileges. A role may represent a persona. Or a role is an aggregate of other roles. As a result, a role name ending with "_user" just does not make sense or is redundant information at best.&#13;
Unfortunately when a new table is created and the user does not specify an existing role to grant access to the new table, the platform creates a new role named after the table and prefixed by "_user".&#13;
This may lead to new roles without any specific meaning that do not add any value.  </description>
        <documentation_url/>
        <finding_type>scan_finding</finding_type>
        <name>CodeSanity - Avoid roles ending with "_user"</name>
        <priority>1</priority>
        <resolution_details>Roles cannot be renamed easily.&#13;
To fix this finding, define new and/or identify existing personas. Replace any roles ending with "_user" with roles that really represent defined personas. Assign these new roles to all ACLs and other places where access is controlled.&#13;
Then remove the existing roles ending with "_user". </resolution_details>
        <run_condition/>
        <score_max>100</score_max>
        <score_min>0</score_min>
        <score_scale>1</score_scale>
        <script><![CDATA[(function (engine) {

	if (x_snc_codesanity.IsCheckApplicableToRecord())
	{
		engine.finding.increment();
	}

})(engine);]]></script>
        <short_description>Role names must not end with "_user"</short_description>
        <sys_class_name>scan_table_check</sys_class_name>
        <sys_created_by>admin</sys_created_by>
        <sys_created_on>2023-02-22 19:49:34</sys_created_on>
        <sys_id>5c20732b1b85e1105b76777d8b4bcb18</sys_id>
        <sys_mod_count>1</sys_mod_count>
        <sys_name>CodeSanity - Avoid roles ending with "_user"</sys_name>
        <sys_package display_value="CodeSanity" source="x_snc_codesanity">8ed42c23dbad0510bcced03cd39619ce</sys_package>
        <sys_policy/>
        <sys_scope display_value="CodeSanity">8ed42c23dbad0510bcced03cd39619ce</sys_scope>
        <sys_update_name>scan_table_check_5c20732b1b85e1105b76777d8b4bcb18</sys_update_name>
        <sys_updated_by>admin</sys_updated_by>
        <sys_updated_on>2023-02-23 17:13:01</sys_updated_on>
        <table>sys_user_role</table>
        <use_manifest>false</use_manifest>
    </scan_table_check>
    <sys_translated_text action="delete_multiple" query="documentkey=5c20732b1b85e1105b76777d8b4bcb18"/>
</record_update>
