<?xml version="1.0" encoding="UTF-8"?><record_update table="scan_table_check">
    <scan_table_check action="INSERT_OR_UPDATE">
        <active>true</active>
        <advanced>true</advanced>
        <category>code_sanity</category>
        <conditions/>
        <description>Each app must specify a short description, a maintainer, a VALID maintainer email, documentation url and repository url.</description>
        <documentation_url/>
        <finding_type>scan_finding</finding_type>
        <name>CodeSanity - App documentation</name>
        <priority>1</priority>
        <resolution_details>Add the required information to the application record.&#13;
To add a short_description, maintainer, maintainer email, documentation url and repository url, switch to the "DevTools" view on the application form.</resolution_details>
        <run_condition/>
        <score_max>100</score_max>
        <score_min>0</score_min>
        <score_scale>1</score_scale>
        <script><![CDATA[(function (engine) {

	if (x_snc_codesanity.IsCheckApplicableToRecord())
	{
		var GetStringValue = x_snc_devtools.GetStringValue;

		var bFinding = false;
		
		if (GetStringValue(current.short_description) == '')
		{
			bFinding = true;
		}
		if (GetStringValue(current.x_snc_devtools_maintainer) == '')
		{
			bFinding = true;
		}
		if (x_snc_devtools.IsValidEmail(current.x_snc_devtools_maintainer_email) == false)
		{
			bFinding = true;
		}
		if (x_snc_devtools.IsValidUrl(current.x_snc_devtools_documentation_url) == false)
		{
			bFinding = true;
		}		
		if (x_snc_devtools.IsValidUrl(current.x_snc_devtools_repo_url) == false)
		{
			bFinding = true;
		}		
	
		
		if (bFinding == true)
		{
			engine.finding.increment();
		}

	}

})(engine);]]></script>
        <short_description>An application should have basic documentation</short_description>
        <sys_class_name>scan_table_check</sys_class_name>
        <sys_created_by>admin</sys_created_by>
        <sys_created_on>2022-11-09 09:02:48</sys_created_on>
        <sys_id>32ef6839db83d9106a03dad1f396199a</sys_id>
        <sys_mod_count>6</sys_mod_count>
        <sys_name>CodeSanity - App documentation</sys_name>
        <sys_package display_value="CodeSanity" source="x_snc_codesanity">8ed42c23dbad0510bcced03cd39619ce</sys_package>
        <sys_policy/>
        <sys_scope display_value="CodeSanity">8ed42c23dbad0510bcced03cd39619ce</sys_scope>
        <sys_update_name>scan_table_check_32ef6839db83d9106a03dad1f396199a</sys_update_name>
        <sys_updated_by>admin</sys_updated_by>
        <sys_updated_on>2023-01-05 15:45:33</sys_updated_on>
        <table>sys_app</table>
        <use_manifest>false</use_manifest>
    </scan_table_check>
    <sys_translated_text action="delete_multiple" query="documentkey=32ef6839db83d9106a03dad1f396199a"/>
</record_update>
