<?xml version="1.0" encoding="UTF-8"?><record_update table="scan_linter_check">
    <scan_linter_check action="INSERT_OR_UPDATE">
        <active>true</active>
        <category>code_sanity</category>
        <description>The "gs.log()" and "gs.print()" statements are deprecated and must no longer be used.</description>
        <documentation_url/>
        <finding_type>scan_finding</finding_type>
        <name>CodeSanity - Deprecated logging</name>
        <priority>1</priority>
        <resolution_details>Refactor the code to use "gs.info()", "gs.warn()" and "gs.error()". Use "gs.debug()" only temporarily for debugging purposes.</resolution_details>
        <run_condition/>
        <score_max>100</score_max>
        <score_min>0</score_min>
        <score_scale>1</score_scale>
        <script><![CDATA[(function(engine) {

    if (x_snc_codesanity.IsCheckApplicableToRecord())
	{	
		engine.rootNode.visit(function(node)
		{
			// gs.log, gs.print
			if (node.getTypeName() == 'GETPROP')
			{
				var gs_found = false;
				var method_found = false;

				node.visit(function(childnode)
				{
					if (childnode.getTypeName() != 'NAME')
					{
						return;
					}

					if (childnode.getNameIdentifier() === 'log' || childnode.getNameIdentifier() === 'print')
					{
						method_found = true;
						return;
					}

					if (childnode.getNameIdentifier() === 'gs')
					{
						gs_found = true;
						return;
					}
				});

				//Create scan finding
				if (gs_found && method_found)
				{
					engine.finding.incrementWithNode(node);
				}
			}
		});
	}

})(engine);]]></script>
        <short_description>Scripts should not use deprecated logging methods</short_description>
        <sys_class_name>scan_linter_check</sys_class_name>
        <sys_created_by>admin</sys_created_by>
        <sys_created_on>2023-01-06 10:44:47</sys_created_on>
        <sys_id>3ac2ff10db18e5906a03dad1f3961926</sys_id>
        <sys_mod_count>8</sys_mod_count>
        <sys_name>CodeSanity - Deprecated logging</sys_name>
        <sys_package display_value="CodeSanity" source="x_snc_codesanity">8ed42c23dbad0510bcced03cd39619ce</sys_package>
        <sys_policy/>
        <sys_scope display_value="CodeSanity">8ed42c23dbad0510bcced03cd39619ce</sys_scope>
        <sys_update_name>scan_linter_check_3ac2ff10db18e5906a03dad1f3961926</sys_update_name>
        <sys_updated_by>admin</sys_updated_by>
        <sys_updated_on>2024-10-02 09:36:20</sys_updated_on>
    </scan_linter_check>
    <sys_translated_text action="delete_multiple" query="documentkey=3ac2ff10db18e5906a03dad1f3961926"/>
</record_update>
