<?xml version="1.0" encoding="UTF-8"?><record_update table="scan_table_check">
    <scan_table_check action="INSERT_OR_UPDATE">
        <active>true</active>
        <advanced>true</advanced>
        <category>code_sanity</category>
        <conditions table="sys_app">scope!=global^EQ<item endquery="false" field="scope" goto="false" newquery="false" operator="!=" or="false" value="global"/>
            <item endquery="true" field="" goto="false" newquery="false" operator="=" or="false" value=""/>
        </conditions>
        <description>Documentation is often missing or not up to date. One reason is that documentation assets are often not part of the software itself, maintained by different people or teams. Where an application contains its own documentation, it is more likely that the documentation itself is kept in a good shape. </description>
        <documentation_url/>
        <finding_type>scan_finding</finding_type>
        <name>CodeSanity - App must have a manual page</name>
        <priority>1</priority>
        <resolution_details>Add a UI page named "manual" to the application and add documentation about the features of the app, how to install it, about the license if applicable and release notes.</resolution_details>
        <run_condition/>
        <score_max>100</score_max>
        <score_min>0</score_min>
        <score_scale>1</score_scale>
        <script><![CDATA[(function (engine) {

	if (x_snc_codesanity.IsCheckApplicableToRecord())
	{
		var grPage = new GlideRecord('sys_ui_page');
		grPage.addQuery('sys_scope','=',current.sys_id);
		grPage.addQuery('name','=','manual');
		grPage.query();
		if (grPage.getRowCount() != 1)
		{
			engine.finding.increment();
		}
	}

})(engine);]]></script>
        <short_description>An application must have a manual page to document features and release notes</short_description>
        <sys_class_name>scan_table_check</sys_class_name>
        <sys_created_by>admin</sys_created_by>
        <sys_created_on>2023-01-17 15:47:52</sys_created_on>
        <sys_id>27712dc8db6ce1106a03dad1f3961908</sys_id>
        <sys_mod_count>2</sys_mod_count>
        <sys_name>CodeSanity - App must have a manual page</sys_name>
        <sys_package display_value="CodeSanity" source="x_snc_codesanity">8ed42c23dbad0510bcced03cd39619ce</sys_package>
        <sys_policy/>
        <sys_scope display_value="CodeSanity">8ed42c23dbad0510bcced03cd39619ce</sys_scope>
        <sys_update_name>scan_table_check_27712dc8db6ce1106a03dad1f3961908</sys_update_name>
        <sys_updated_by>admin</sys_updated_by>
        <sys_updated_on>2023-02-23 14:13:30</sys_updated_on>
        <table>sys_app</table>
        <use_manifest>false</use_manifest>
    </scan_table_check>
    <sys_translated_text action="delete_multiple" query="documentkey=27712dc8db6ce1106a03dad1f3961908"/>
</record_update>
