<?xml version="1.0" encoding="UTF-8"?><record_update table="scan_linter_check">
    <scan_linter_check action="INSERT_OR_UPDATE">
        <active>true</active>
        <category>code_sanity</category>
        <description>Using exceptions is a highly questionable and disputed coding practice. Although it may appear elegant zu fork out of the execution flow at any time and implement error handling somewhere else, experience shows that many exceptions are either not being catched or not processed properly. In most cases, just returning from a function and returning an error state is the more robust option.  Unless there is a very strict architectural concept about when exceptions should be thrown and how the errors should be handled, using that technique results in less readable code and less robust applications. Some even argue that throwing exceptions is like dumping your garbage into the backyard of your neighbor - as usually its not the developer who throws the exception will be the one who handles it. Hence throwing exceptions must be avoided.</description>
        <documentation_url/>
        <finding_type/>
        <name>CodeSanity - Throwing exceptions</name>
        <priority>1</priority>
        <resolution_details>Refactor the code in a way that throwing exceptions is not required - e.g. by returning error codes from within a function and checking the return code of a function being called.</resolution_details>
        <run_condition/>
        <score_max>100</score_max>
        <score_min>0</score_min>
        <score_scale>1</score_scale>
        <script><![CDATA[(function (engine) {
	
    if (x_snc_codesanity.IsCheckApplicableToRecord())
	{
		var GetStringValue = x_snc_devtools.GetStringValue;
		var strTable = GetStringValue(engine.current.getRecordClassName());
		var bException = false;
		if (strTable == 'sys_script_include')
		{
			var strName = GetStringValue(engine.current.name);
			var strApiName = GetStringValue(engine.current.api_name);

			if (strApiName == 'x_snc_devtools.CreateQRCodeRawData')
			{
				// CreateQRCodeRawData contains the open source QR Code generator library
				// The code violates the coding guideline by throwing exceptions
				bException = true;
			}
		}
		if (bException == true)
		{
			return;
		}
		engine.rootNode.visit(function(node)
		{
			if (node.getTypeName() === "THROW")
			{
				engine.finding.incrementWithNode(node);
			}
		});	
	}
		
})(engine);]]></script>
        <short_description>Do not throw exceptions</short_description>
        <sys_class_name>scan_linter_check</sys_class_name>
        <sys_created_by>admin</sys_created_by>
        <sys_created_on>2022-03-15 16:58:22</sys_created_on>
        <sys_id>6bd82ff8db12cd10b652edb305961910</sys_id>
        <sys_mod_count>17</sys_mod_count>
        <sys_name>CodeSanity - Throwing exceptions</sys_name>
        <sys_package display_value="CodeSanity" source="x_snc_codesanity">8ed42c23dbad0510bcced03cd39619ce</sys_package>
        <sys_policy/>
        <sys_scope display_value="CodeSanity">8ed42c23dbad0510bcced03cd39619ce</sys_scope>
        <sys_update_name>scan_linter_check_6bd82ff8db12cd10b652edb305961910</sys_update_name>
        <sys_updated_by>admin</sys_updated_by>
        <sys_updated_on>2024-08-30 08:55:29</sys_updated_on>
    </scan_linter_check>
    <sys_translated_text action="delete_multiple" query="documentkey=6bd82ff8db12cd10b652edb305961910"/>
</record_update>
