<?xml version="1.0" encoding="UTF-8"?><record_update table="sys_atf_step">
    <sys_atf_step action="INSERT_OR_UPDATE">
        <active>true</active>
        <copied_from/>
        <description>Run Server Side Validation Script</description>
        <display_name>Run Server Side Script</display_name>
        <inputs/>
        <mugshots_cache_json/>
        <notes/>
        <order>1</order>
        <step_config display_value="Run Server Side Script">41de4a935332120028bc29cac2dc349a</step_config>
        <sys_class_name>sys_atf_step</sys_class_name>
        <sys_created_by>admin</sys_created_by>
        <sys_created_on>2022-08-03 10:46:38</sys_created_on>
        <sys_id>fc3c189edb451d10dcbdd03cd3961917</sys_id>
        <sys_mod_count>6</sys_mod_count>
        <sys_name>Run Server Side Script</sys_name>
        <sys_package display_value="CodeSanity" source="x_snc_codesanity">8ed42c23dbad0510bcced03cd39619ce</sys_package>
        <sys_policy/>
        <sys_scope display_value="CodeSanity">8ed42c23dbad0510bcced03cd39619ce</sys_scope>
        <sys_update_name>sys_atf_step_fc3c189edb451d10dcbdd03cd3961917</sys_update_name>
        <sys_updated_by>admin</sys_updated_by>
        <sys_updated_on>2022-08-15 16:11:12</sys_updated_on>
        <table/>
        <test display_value="CodeSanity - CodeSanity linter checks apply rules">ad2c949edb451d10dcbdd03cd39619c1</test>
        <timeout/>
        <warning_message/>
    </sys_atf_step>
    <sys_variable_value action="delete_multiple" query="document_key=fc3c189edb451d10dcbdd03cd3961917"/>
    <sys_variable_value action="INSERT_OR_UPDATE">
        <document>sys_atf_step</document>
        <document_key>fc3c189edb451d10dcbdd03cd3961917</document_key>
        <order>100</order>
        <sys_class_name>sys_variable_value</sys_class_name>
        <sys_created_by>admin</sys_created_by>
        <sys_created_on>2022-08-03 10:46:38</sys_created_on>
        <sys_id>023c189edb451d10dcbdd03cd3961927</sys_id>
        <sys_mod_count>0</sys_mod_count>
        <sys_updated_by>admin</sys_updated_by>
        <sys_updated_on>2022-08-03 10:46:38</sys_updated_on>
        <value>3.1</value>
        <variable display_value="Jasmine version">42f2564b73031300440211d8faf6a777</variable>
    </sys_variable_value>
    <sys_variable_value action="INSERT_OR_UPDATE">
        <document>sys_atf_step</document>
        <document_key>fc3c189edb451d10dcbdd03cd3961917</document_key>
        <order>200</order>
        <sys_class_name>sys_variable_value</sys_class_name>
        <sys_created_by>admin</sys_created_by>
        <sys_created_on>2022-08-03 10:46:38</sys_created_on>
        <sys_id>4a3c189edb451d10dcbdd03cd3961927</sys_id>
        <sys_mod_count>6</sys_mod_count>
        <sys_updated_by>admin</sys_updated_by>
        <sys_updated_on>2022-08-15 16:11:12</sys_updated_on>
        <value>(function(outputs, steps, stepResult, assertEqual)&#13;
{&#13;
	var test = new x_snc_devtools.TestAPI(outputs, steps, stepResult, assertEqual);&#13;
	&#13;
	test.SetResult(true);&#13;
&#13;
	var strCheck = 'ff52a339db0999109232dad1f3961982'; // CodeSanity - CodeSanity linter checks apply rules&#13;
	&#13;
	var strRecordSysId = 'ff52a339db0999109232dad1f3961982'; // CodeSanity - CodeSanity linter checks apply rules&#13;
	test.TestCase_InstanceScanCheck(strCheck,'scan_table_check',strRecordSysId,false);&#13;
&#13;
	var strRecordSysId = '2f91d07bdb7015109232dad1f3961937'; // CodeSanity - Avoid arrow functions&#13;
	test.TestCase_InstanceScanCheck(strCheck,'scan_linter_check',strRecordSysId,false);&#13;
	&#13;
	&#13;
	return test.GetResult();&#13;
	&#13;
})(outputs, steps, stepResult, assertEqual);</value>
        <variable display_value="Test script">989d9e235324220002c6435723dc3484</variable>
    </sys_variable_value>
</record_update>
