<?xml version="1.0" encoding="UTF-8"?><record_update table="sys_scope_privilege">
    <sys_scope_privilege action="INSERT_OR_UPDATE">
        <operation>execute</operation>
        <source_scope display_value="CodeSanity">8ed42c23dbad0510bcced03cd39619ce</source_scope>
        <status>allowed</status>
        <sys_class_name>sys_scope_privilege</sys_class_name>
        <sys_created_by>devtools.technicaluser.instancescan</sys_created_by>
        <sys_created_on>2022-12-22 15:57:04</sys_created_on>
        <sys_id>587b23a3db7bd1506a03dad1f3961922</sys_id>
        <sys_mod_count>0</sys_mod_count>
        <sys_name>IsValidEmail</sys_name>
        <sys_package display_value="CodeSanity" source="x_snc_codesanity">8ed42c23dbad0510bcced03cd39619ce</sys_package>
        <sys_policy/>
        <sys_scope display_value="CodeSanity">8ed42c23dbad0510bcced03cd39619ce</sys_scope>
        <sys_update_name>sys_scope_privilege_587b23a3db7bd1506a03dad1f3961922</sys_update_name>
        <sys_updated_by>devtools.technicaluser.instancescan</sys_updated_by>
        <sys_updated_on>2022-12-22 15:57:04</sys_updated_on>
        <target_name>IsValidEmail</target_name>
        <target_scope display_value="DevTools WORK IN PROGRESS">d689f6901bd38450a89720a8ec4bcbfd</target_scope>
        <target_type>sys_script_include</target_type>
    </sys_scope_privilege>
</record_update>
