<?xml version="1.0" encoding="UTF-8"?><record_update table="sys_atf_step">
    <sys_atf_step action="INSERT_OR_UPDATE">
        <active>true</active>
        <copied_from/>
        <description>Run Server Side Validation Script</description>
        <display_name>Run Server Side Script</display_name>
        <inputs/>
        <mugshots_cache_json/>
        <notes/>
        <order>1</order>
        <step_config display_value="Run Server Side Script">41de4a935332120028bc29cac2dc349a</step_config>
        <sys_class_name>sys_atf_step</sys_class_name>
        <sys_created_by>admin</sys_created_by>
        <sys_created_on>2023-01-17 15:19:40</sys_created_on>
        <sys_id>853c1100db6ce1106a03dad1f396193f</sys_id>
        <sys_mod_count>10</sys_mod_count>
        <sys_name>Run Server Side Script</sys_name>
        <sys_package display_value="CodeSanity" source="x_snc_codesanity">8ed42c23dbad0510bcced03cd39619ce</sys_package>
        <sys_policy/>
        <sys_scope display_value="CodeSanity">8ed42c23dbad0510bcced03cd39619ce</sys_scope>
        <sys_update_name>sys_atf_step_853c1100db6ce1106a03dad1f396193f</sys_update_name>
        <sys_updated_by>admin</sys_updated_by>
        <sys_updated_on>2023-01-17 15:33:54</sys_updated_on>
        <table/>
        <test display_value="CodeSanity - BeanCounter">752c15ccdb2ce1106a03dad1f3961997</test>
        <timeout/>
        <warning_message/>
    </sys_atf_step>
    <sys_variable_value action="delete_multiple" query="document_key=853c1100db6ce1106a03dad1f396193f"/>
    <sys_variable_value action="INSERT_OR_UPDATE">
        <document>sys_atf_step</document>
        <document_key>853c1100db6ce1106a03dad1f396193f</document_key>
        <order>200</order>
        <sys_class_name>sys_variable_value</sys_class_name>
        <sys_created_by>admin</sys_created_by>
        <sys_created_on>2023-01-17 15:19:40</sys_created_on>
        <sys_id>bd3c9100db6ce1106a03dad1f3961956</sys_id>
        <sys_mod_count>10</sys_mod_count>
        <sys_updated_by>admin</sys_updated_by>
        <sys_updated_on>2023-01-17 15:33:54</sys_updated_on>
        <value>(function(outputs, steps, stepResult, assertEqual)&#13;
{&#13;
	var test = new x_snc_devtools.TestAPI(outputs, steps, stepResult, assertEqual);&#13;
	&#13;
	test.SetResult(true);&#13;
&#13;
	function TestCase_BeanCounter(grCheck, grRecord, vExpected)&#13;
	{&#13;
		function TestCase_BeanCounter_CheckResult(vInput,vExpected,vResult)&#13;
		{&#13;
			var transactionCache = new x_snc_devtools.TransactionCacheAPI('CODESANITY');&#13;
			var beancount = transactionCache.GetItem('beancount');&#13;
			&#13;
			LogBeanCount();&#13;
			&#13;
			if (vExpected != vResult)&#13;
			{&#13;
				return false;&#13;
			}&#13;
&#13;
			if (x_snc_devtools.GetIntegerValue(x_snc_devtools.GetValue(beancount,'total')) != x_snc_devtools.GetIntegerValue(vExpected))&#13;
			{&#13;
				return false;&#13;
			}&#13;
			&#13;
			return true;&#13;
		}	&#13;
		&#13;
		test.TestCase(&#13;
			'Function BeanCounter()',&#13;
			BeanCounter,&#13;
			{&#13;
				'Check': grCheck,&#13;
				'Record': grRecord,&#13;
			},&#13;
			vExpected,&#13;
			TestCase_BeanCounter_CheckResult);&#13;
	}&#13;
	&#13;
&#13;
	var transactionCache = new x_snc_devtools.TransactionCacheAPI('CODESANITY');&#13;
	transactionCache.SetItem('beancount',{});	&#13;
	&#13;
	TestCase_BeanCounter(null,null,false);&#13;
&#13;
&#13;
	// The "BeanCounter" script include&#13;
	var grRecord = x_snc_devtools.GetRecord('sys_script_include','79515d84dbe8e1106a03dad1f3961901');&#13;
	&#13;
	// The check "CodeSanity - ATF tests for script includes"&#13;
	var grCheck = x_snc_devtools.GetRecord('scan_check','e1b1e922db5b19106a03dad1f39619a2');&#13;
&#13;
	TestCase_BeanCounter(grCheck,grRecord,1);&#13;
	TestCase_BeanCounter(grCheck,grRecord,2);&#13;
	&#13;
	&#13;
&#13;
	&#13;
	return test.GetResult();&#13;
	&#13;
})(outputs, steps, stepResult, assertEqual);</value>
        <variable display_value="Test script">989d9e235324220002c6435723dc3484</variable>
    </sys_variable_value>
    <sys_variable_value action="INSERT_OR_UPDATE">
        <document>sys_atf_step</document>
        <document_key>853c1100db6ce1106a03dad1f396193f</document_key>
        <order>100</order>
        <sys_class_name>sys_variable_value</sys_class_name>
        <sys_created_by>admin</sys_created_by>
        <sys_created_on>2023-01-17 15:19:40</sys_created_on>
        <sys_id>f53c9100db6ce1106a03dad1f3961956</sys_id>
        <sys_mod_count>0</sys_mod_count>
        <sys_updated_by>admin</sys_updated_by>
        <sys_updated_on>2023-01-17 15:19:40</sys_updated_on>
        <value>3.1</value>
        <variable display_value="Jasmine version">42f2564b73031300440211d8faf6a777</variable>
    </sys_variable_value>
</record_update>
