<?xml version="1.0" encoding="UTF-8"?><record_update table="sys_scope_privilege">
    <sys_scope_privilege action="INSERT_OR_UPDATE">
        <operation>execute</operation>
        <source_scope display_value="CodeSanity">8ed42c23dbad0510bcced03cd39619ce</source_scope>
        <status>allowed</status>
        <sys_class_name>sys_scope_privilege</sys_class_name>
        <sys_created_by>admin</sys_created_by>
        <sys_created_on>2023-02-02 20:15:04</sys_created_on>
        <sys_id>3449b8d11b7c25105b76777d8b4bcb7d</sys_id>
        <sys_mod_count>0</sys_mod_count>
        <sys_name>Prompt</sys_name>
        <sys_package display_value="CodeSanity" source="x_snc_codesanity">8ed42c23dbad0510bcced03cd39619ce</sys_package>
        <sys_policy/>
        <sys_scope display_value="CodeSanity">8ed42c23dbad0510bcced03cd39619ce</sys_scope>
        <sys_update_name>sys_scope_privilege_3449b8d11b7c25105b76777d8b4bcb7d</sys_update_name>
        <sys_updated_by>admin</sys_updated_by>
        <sys_updated_on>2023-02-02 20:15:04</sys_updated_on>
        <target_name>Prompt</target_name>
        <target_scope display_value="ChatGPT WORK IN PROGRESS">f68927f3dbd0e1106a03dad1f39619f3</target_scope>
        <target_type>sys_script_include</target_type>
    </sys_scope_privilege>
</record_update>
