<?xml version="1.0" encoding="UTF-8"?><record_update table="sys_atf_step">
    <sys_atf_step action="INSERT_OR_UPDATE">
        <active>true</active>
        <copied_from/>
        <description>Run Server Side Validation Script</description>
        <display_name>Run Server Side Script</display_name>
        <inputs/>
        <mugshots_cache_json/>
        <notes/>
        <order>1</order>
        <step_config display_value="Run Server Side Script">41de4a935332120028bc29cac2dc349a</step_config>
        <sys_class_name>sys_atf_step</sys_class_name>
        <sys_created_by>admin</sys_created_by>
        <sys_created_on>2023-02-24 01:58:18</sys_created_on>
        <sys_id>f83116041b1165105b76777d8b4bcb38</sys_id>
        <sys_mod_count>8</sys_mod_count>
        <sys_name>Run Server Side Script</sys_name>
        <sys_package display_value="CodeSanity" source="x_snc_codesanity">8ed42c23dbad0510bcced03cd39619ce</sys_package>
        <sys_policy/>
        <sys_scope display_value="CodeSanity">8ed42c23dbad0510bcced03cd39619ce</sys_scope>
        <sys_update_name>sys_atf_step_f83116041b1165105b76777d8b4bcb38</sys_update_name>
        <sys_updated_by>admin</sys_updated_by>
        <sys_updated_on>2023-04-14 09:56:25</sys_updated_on>
        <table/>
        <test display_value="CodeSanity - ATF test must contain steps">c12192041b1165105b76777d8b4bcbb5</test>
        <timeout/>
        <warning_message/>
    </sys_atf_step>
    <sys_variable_value action="delete_multiple" query="document_key=f83116041b1165105b76777d8b4bcb38"/>
    <sys_variable_value action="INSERT_OR_UPDATE">
        <document>sys_atf_step</document>
        <document_key>f83116041b1165105b76777d8b4bcb38</document_key>
        <order>200</order>
        <sys_class_name>sys_variable_value</sys_class_name>
        <sys_created_by>admin</sys_created_by>
        <sys_created_on>2023-02-24 01:58:18</sys_created_on>
        <sys_id>a53116041b1165105b76777d8b4bcb1a</sys_id>
        <sys_mod_count>8</sys_mod_count>
        <sys_updated_by>admin</sys_updated_by>
        <sys_updated_on>2023-04-14 09:56:25</sys_updated_on>
        <value>(function(outputs, steps, stepResult, assertEqual)&#13;
{&#13;
	var test = new x_snc_devtools.TestAPI(outputs, steps, stepResult, assertEqual);&#13;
	&#13;
	test.SetResult(true);&#13;
&#13;
	var strCheck = '49dfce801b1165105b76777d8b4bcbfe';&#13;
	&#13;
	&#13;
	// Test "CodeSanity - Installation" has test steps&#13;
	test.TestCase_InstanceScanCheck(strCheck,'sys_atf_test','2c6758d3db4a8510bcced03cd3961921',false);&#13;
	&#13;
	var grTest = new GlideRecord('sys_atf_test');&#13;
	grTest.initialize();&#13;
	grTest.name = 'TEST1';&#13;
	grTest.sys_scope = x_snc_devtools.GetAppRecord('x_snc_codesanity').sys_id;&#13;
	var strTest1SysId = x_snc_devtools.GlideRecordInsert(grTest);&#13;
	// Test1 does not have any test steps&#13;
	test.TestCase_InstanceScanCheck(strCheck,'sys_atf_test',grTest.sys_id,true);&#13;
	&#13;
	var grStep = new GlideRecord('sys_atf_step');&#13;
	grStep.initialize();&#13;
	grStep.active = false;&#13;
	grStep.test = strTest1SysId;&#13;
	grStep.step_config = '58ab71985f30220012b44adb7f46661e'; // Log&#13;
	grStep.sys_scope = x_snc_devtools.GetAppRecord('x_snc_codesanity').sys_id;&#13;
	var strStep1SysId = x_snc_devtools.GlideRecordInsert(grStep);&#13;
	// Step1 is not active&#13;
	test.TestCase_InstanceScanCheck(strCheck,'sys_atf_test',grTest.sys_id,true);	&#13;
	&#13;
&#13;
	var grStep = new GlideRecord('sys_atf_step');&#13;
	grStep.initialize();&#13;
	grStep.active = true;&#13;
	grStep.step_config = '58ab71985f30220012b44adb7f46661e'; // Log&#13;
	grStep.test = strTest1SysId;&#13;
	grStep.sys_scope = x_snc_devtools.GetAppRecord('x_snc_codesanity').sys_id;&#13;
	var strStep2SysId = x_snc_devtools.GlideRecordInsert(grStep);&#13;
	// Step2 is active&#13;
	test.TestCase_InstanceScanCheck(strCheck,'sys_atf_test',grTest.sys_id,false);		&#13;
	&#13;
	return test.GetResult();&#13;
	&#13;
})(outputs, steps, stepResult, assertEqual);</value>
        <variable display_value="Test script">989d9e235324220002c6435723dc3484</variable>
    </sys_variable_value>
    <sys_variable_value action="INSERT_OR_UPDATE">
        <document>sys_atf_step</document>
        <document_key>f83116041b1165105b76777d8b4bcb38</document_key>
        <order>100</order>
        <sys_class_name>sys_variable_value</sys_class_name>
        <sys_created_by>admin</sys_created_by>
        <sys_created_on>2023-02-24 01:58:18</sys_created_on>
        <sys_id>ed3116041b1165105b76777d8b4bcb19</sys_id>
        <sys_mod_count>0</sys_mod_count>
        <sys_updated_by>admin</sys_updated_by>
        <sys_updated_on>2023-02-24 01:58:18</sys_updated_on>
        <value>3.1</value>
        <variable display_value="Jasmine version">42f2564b73031300440211d8faf6a777</variable>
    </sys_variable_value>
</record_update>
