<?xml version="1.0" encoding="UTF-8"?><record_update table="sys_embedded_help_role">
    <sys_embedded_help_role action="INSERT_OR_UPDATE">
        <order>10</order>
        <role display_value="x_snc_codesanity.admin" name="x_snc_codesanity.admin">e098d817db4a8510bcced03cd396198a</role>
        <sys_class_name>sys_embedded_help_role</sys_class_name>
        <sys_created_by>admin</sys_created_by>
        <sys_created_on>2022-03-10 09:56:37</sys_created_on>
        <sys_id>31a81c17db4a8510bcced03cd39619a2</sys_id>
        <sys_mod_count>0</sys_mod_count>
        <sys_name>e098d817db4a8510bcced03cd396198a</sys_name>
        <sys_package display_value="CodeSanity" source="x_snc_codesanity">8ed42c23dbad0510bcced03cd39619ce</sys_package>
        <sys_policy/>
        <sys_scope display_value="CodeSanity">8ed42c23dbad0510bcced03cd39619ce</sys_scope>
        <sys_update_name>sys_embedded_help_role_31a81c17db4a8510bcced03cd39619a2</sys_update_name>
        <sys_updated_by>admin</sys_updated_by>
        <sys_updated_on>2022-03-10 09:56:37</sys_updated_on>
    </sys_embedded_help_role>
</record_update>
