<?xml version="1.0" encoding="UTF-8"?><record_update table="sys_atf_step">
    <sys_atf_step action="INSERT_OR_UPDATE">
        <active>true</active>
        <copied_from/>
        <description>Run Server Side Validation Script</description>
        <display_name>Run Server Side Script</display_name>
        <inputs/>
        <mugshots_cache_json/>
        <notes/>
        <order>1</order>
        <step_config display_value="Run Server Side Script">41de4a935332120028bc29cac2dc349a</step_config>
        <sys_class_name>sys_atf_step</sys_class_name>
        <sys_created_by>admin</sys_created_by>
        <sys_created_on>2022-08-05 10:20:10</sys_created_on>
        <sys_id>8be862badb459d10dcbdd03cd39619ef</sys_id>
        <sys_mod_count>1</sys_mod_count>
        <sys_name>Run Server Side Script</sys_name>
        <sys_package display_value="CodeSanity" source="x_snc_codesanity">8ed42c23dbad0510bcced03cd39619ce</sys_package>
        <sys_policy/>
        <sys_scope display_value="CodeSanity">8ed42c23dbad0510bcced03cd39619ce</sys_scope>
        <sys_update_name>sys_atf_step_8be862badb459d10dcbdd03cd39619ef</sys_update_name>
        <sys_updated_by>admin</sys_updated_by>
        <sys_updated_on>2022-08-05 10:22:55</sys_updated_on>
        <table/>
        <test display_value="CodeSanity - GetExecutionRules">12d822badb459d10dcbdd03cd396193f</test>
        <timeout/>
        <warning_message/>
    </sys_atf_step>
    <sys_variable_value action="delete_multiple" query="document_key=8be862badb459d10dcbdd03cd39619ef"/>
    <sys_variable_value action="INSERT_OR_UPDATE">
        <document>sys_atf_step</document>
        <document_key>8be862badb459d10dcbdd03cd39619ef</document_key>
        <order>200</order>
        <sys_class_name>sys_variable_value</sys_class_name>
        <sys_created_by>admin</sys_created_by>
        <sys_created_on>2022-08-05 10:20:10</sys_created_on>
        <sys_id>3159a2badb459d10dcbdd03cd3961929</sys_id>
        <sys_mod_count>1</sys_mod_count>
        <sys_updated_by>admin</sys_updated_by>
        <sys_updated_on>2022-08-05 10:22:55</sys_updated_on>
        <value>(function(outputs, steps, stepResult, assertEqual)&#13;
{&#13;
	var test = new x_snc_devtools.TestAPI(outputs, steps, stepResult, assertEqual);&#13;
	var IsObject= x_snc_devtools.IsObject;&#13;
	var IsArray = x_snc_devtools.IsArray;&#13;
	var GetValue = x_snc_devtools.GetValue;&#13;
	&#13;
	test.SetResult(true);&#13;
&#13;
	&#13;
	function TestCase_GetExecutionRules()&#13;
	{&#13;
		function TestCase_GetExecutionRules_CheckResult(vInput,vExpected,vResult)&#13;
		{&#13;
			if (IsObject(vResult) == false)&#13;
			{&#13;
				return false;&#13;
			}&#13;
			if (IsArray(GetValue(vResult,'blacklist')) == false)&#13;
			{&#13;
				return false;&#13;
			}&#13;
			if (IsArray(GetValue(vResult,'whitelist')) == false)&#13;
			{&#13;
				return false;&#13;
			}&#13;
			return true;&#13;
		}	&#13;
		&#13;
		test.TestCase(&#13;
			'Function GetExecutionRules()',&#13;
			GetExecutionRules,&#13;
			{ &#13;
			},&#13;
			null,&#13;
			TestCase_GetExecutionRules_CheckResult);&#13;
	}&#13;
&#13;
&#13;
	TestCase_GetExecutionRules();&#13;
	&#13;
	return test.GetResult();&#13;
	&#13;
})(outputs, steps, stepResult, assertEqual);</value>
        <variable display_value="Test script">989d9e235324220002c6435723dc3484</variable>
    </sys_variable_value>
    <sys_variable_value action="INSERT_OR_UPDATE">
        <document>sys_atf_step</document>
        <document_key>8be862badb459d10dcbdd03cd39619ef</document_key>
        <order>100</order>
        <sys_class_name>sys_variable_value</sys_class_name>
        <sys_created_by>admin</sys_created_by>
        <sys_created_on>2022-08-05 10:20:10</sys_created_on>
        <sys_id>7959a2badb459d10dcbdd03cd3961928</sys_id>
        <sys_mod_count>0</sys_mod_count>
        <sys_updated_by>admin</sys_updated_by>
        <sys_updated_on>2022-08-05 10:20:10</sys_updated_on>
        <value>3.1</value>
        <variable display_value="Jasmine version">42f2564b73031300440211d8faf6a777</variable>
    </sys_variable_value>
</record_update>
