<?xml version="1.0" encoding="UTF-8"?><record_update table="sys_atf_step">
    <sys_atf_step action="INSERT_OR_UPDATE">
        <active>true</active>
        <copied_from/>
        <description>Run Server Side Validation Script</description>
        <display_name>Run Server Side Script</display_name>
        <inputs/>
        <mugshots_cache_json/>
        <notes/>
        <order>1</order>
        <step_config display_value="Run Server Side Script">41de4a935332120028bc29cac2dc349a</step_config>
        <sys_class_name>sys_atf_step</sys_class_name>
        <sys_created_by>admin</sys_created_by>
        <sys_created_on>2023-01-06 10:34:53</sys_created_on>
        <sys_id>228177dcdbd4e5906a03dad1f396197f</sys_id>
        <sys_mod_count>3</sys_mod_count>
        <sys_name>Run Server Side Script</sys_name>
        <sys_package display_value="CodeSanity" source="x_snc_codesanity">8ed42c23dbad0510bcced03cd39619ce</sys_package>
        <sys_policy/>
        <sys_scope display_value="CodeSanity">8ed42c23dbad0510bcced03cd39619ce</sys_scope>
        <sys_update_name>sys_atf_step_228177dcdbd4e5906a03dad1f396197f</sys_update_name>
        <sys_updated_by>admin</sys_updated_by>
        <sys_updated_on>2024-09-10 16:34:03</sys_updated_on>
        <table/>
        <test display_value="CodeSanity - Avoid &quot;Copy of&quot;">3351ff9cdbd4e5906a03dad1f396197c</test>
        <timeout/>
        <warning_message/>
    </sys_atf_step>
    <sys_variable_value action="delete_multiple" query="document_key=228177dcdbd4e5906a03dad1f396197f"/>
    <sys_variable_value action="INSERT_OR_UPDATE">
        <document>sys_atf_step</document>
        <document_key>228177dcdbd4e5906a03dad1f396197f</document_key>
        <order>200</order>
        <sys_class_name>sys_variable_value</sys_class_name>
        <sys_created_by>admin</sys_created_by>
        <sys_created_on>2023-01-06 10:34:53</sys_created_on>
        <sys_id>878177dcdbd4e5906a03dad1f39619c6</sys_id>
        <sys_mod_count>3</sys_mod_count>
        <sys_updated_by>admin</sys_updated_by>
        <sys_updated_on>2024-09-10 16:34:03</sys_updated_on>
        <value>(function(outputs, steps, stepResult, assertEqual)&#13;
{&#13;
	var test = new x_snc_devtools.TestAPI(outputs, steps, stepResult, assertEqual);&#13;
	&#13;
	test.SetResult(true);&#13;
&#13;
	var strCheck = '194835f9c3a056105a37f907050131d2';&#13;
&#13;
	var grApp = new GlideRecord('sys_app');&#13;
	grApp.initialize();&#13;
	grApp.name = 'Test App';&#13;
	grApp.scope = 'x_test_app';&#13;
	var strAppSysId = x_snc_devtools.GlideRecordInsert(grApp);&#13;
&#13;
	var grWidget = new GlideRecord('sp_widget');&#13;
	grWidget.initialize();&#13;
	grWidget.sys_scope = strAppSysId;&#13;
	grWidget.name = 'Test';&#13;
	var strWidgetSysId = x_snc_devtools.GlideRecordInsert(grWidget);&#13;
	test.TestCase_InstanceScanCheck(strCheck,'sys_app',strAppSysId,false);		&#13;
&#13;
	var grWidget = new GlideRecord('sp_widget');&#13;
	grWidget.initialize();&#13;
	grWidget.sys_scope = strAppSysId;&#13;
	grWidget.name = 'Copy of Test';&#13;
	var strWidgetSysId = x_snc_devtools.GlideRecordInsert(grWidget);&#13;
	test.TestCase_InstanceScanCheck(strCheck,'sys_app',strAppSysId,true);	&#13;
&#13;
/*&#13;
	var strCheck = 'e45f271cdbd4e5906a03dad1f3961974';&#13;
	&#13;
	var testdata = new x_snc_devtools.TestDataAPI('_ATF_CODESANITY_');&#13;
	&#13;
	var strRecordSysId = testdata.CreateServicePortalWidget(&#13;
		'global',&#13;
		'Test1',&#13;
		'Some Description',&#13;
		'', // template&#13;
		'', // css&#13;
		'(function() { \n'&#13;
		+' if (input) {}\n'&#13;
		+' })();', // script&#13;
		'api.controller=function() {\n' // client_script&#13;
		+'};'&#13;
		);&#13;
	test.TestCase_InstanceScanCheck(strCheck,'sp_widget',strRecordSysId,false);	&#13;
	&#13;
	var grWidget = new GlideRecord('sp_widget');&#13;
	grWidget.initialize();&#13;
	grWidget.name = 'Copy of Test1';&#13;
	var strRecordSysId = x_snc_devtools.GlideRecordInsert(grWidget);&#13;
	test.TestCase_InstanceScanCheck(strCheck,'sp_widget',strRecordSysId,true);		&#13;
*/&#13;
	&#13;
	return test.GetResult();&#13;
	&#13;
})(outputs, steps, stepResult, assertEqual);</value>
        <variable display_value="Test script">989d9e235324220002c6435723dc3484</variable>
    </sys_variable_value>
    <sys_variable_value action="INSERT_OR_UPDATE">
        <document>sys_atf_step</document>
        <document_key>228177dcdbd4e5906a03dad1f396197f</document_key>
        <order>100</order>
        <sys_class_name>sys_variable_value</sys_class_name>
        <sys_created_by>admin</sys_created_by>
        <sys_created_on>2023-01-06 10:34:53</sys_created_on>
        <sys_id>cf8177dcdbd4e5906a03dad1f39619c5</sys_id>
        <sys_mod_count>0</sys_mod_count>
        <sys_updated_by>admin</sys_updated_by>
        <sys_updated_on>2023-01-06 10:34:53</sys_updated_on>
        <value>3.1</value>
        <variable display_value="Jasmine version">42f2564b73031300440211d8faf6a777</variable>
    </sys_variable_value>
</record_update>
