<?xml version="1.0" encoding="UTF-8"?><record_update table="sys_atf_step">
    <sys_atf_step action="INSERT_OR_UPDATE">
        <active>true</active>
        <copied_from/>
        <description>Run Server Side Validation Script</description>
        <display_name>Run Server Side Script</display_name>
        <inputs/>
        <mugshots_cache_json/>
        <notes/>
        <order>1</order>
        <step_config display_value="Run Server Side Script">41de4a935332120028bc29cac2dc349a</step_config>
        <sys_class_name>sys_atf_step</sys_class_name>
        <sys_created_by>admin</sys_created_by>
        <sys_created_on>2024-09-10 19:15:30</sys_created_on>
        <sys_id>864f5eb5c36456105a37f9070501314d</sys_id>
        <sys_mod_count>9</sys_mod_count>
        <sys_name>Run Server Side Script</sys_name>
        <sys_package display_value="CodeSanity" source="x_snc_codesanity">8ed42c23dbad0510bcced03cd39619ce</sys_package>
        <sys_policy/>
        <sys_scope display_value="CodeSanity">8ed42c23dbad0510bcced03cd39619ce</sys_scope>
        <sys_update_name>sys_atf_step_864f5eb5c36456105a37f9070501314d</sys_update_name>
        <sys_updated_by>admin</sys_updated_by>
        <sys_updated_on>2024-09-10 20:07:43</sys_updated_on>
        <table/>
        <test display_value="CodeSanity - Persona role in ACLs">793fdab5c36456105a37f9070501311d</test>
        <timeout/>
        <warning_message/>
    </sys_atf_step>
    <sys_variable_value action="delete_multiple" query="document_key=864f5eb5c36456105a37f9070501314d"/>
    <sys_variable_value action="INSERT_OR_UPDATE">
        <document>sys_atf_step</document>
        <document_key>864f5eb5c36456105a37f9070501314d</document_key>
        <order>100</order>
        <sys_class_name>sys_variable_value</sys_class_name>
        <sys_created_by>admin</sys_created_by>
        <sys_created_on>2024-09-10 19:15:30</sys_created_on>
        <sys_id>0e4f9eb5c36456105a37f90705013179</sys_id>
        <sys_mod_count>0</sys_mod_count>
        <sys_updated_by>admin</sys_updated_by>
        <sys_updated_on>2024-09-10 19:15:30</sys_updated_on>
        <value>3.1</value>
        <variable display_value="Jasmine version">42f2564b73031300440211d8faf6a777</variable>
    </sys_variable_value>
    <sys_variable_value action="INSERT_OR_UPDATE">
        <document>sys_atf_step</document>
        <document_key>864f5eb5c36456105a37f9070501314d</document_key>
        <order>200</order>
        <sys_class_name>sys_variable_value</sys_class_name>
        <sys_created_by>admin</sys_created_by>
        <sys_created_on>2024-09-10 19:15:30</sys_created_on>
        <sys_id>464f9eb5c36456105a37f9070501317a</sys_id>
        <sys_mod_count>9</sys_mod_count>
        <sys_updated_by>admin</sys_updated_by>
        <sys_updated_on>2024-09-10 20:07:43</sys_updated_on>
        <value>(function(outputs, steps, stepResult, assertEqual) {&#13;
    var test = new x_snc_devtools.TestAPI(outputs, steps, stepResult, assertEqual);&#13;
&#13;
    test.SetResult(true);&#13;
&#13;
    var strCheck = '4c6d9235c36456105a37f90705013158';&#13;
&#13;
	var grApp = new GlideRecord('sys_app');&#13;
	grApp.initialize();&#13;
	grApp.name = 'Test';&#13;
	grApp.scope = 'test';&#13;
	var strAppSysId = x_snc_devtools.GlideRecordInsert(grApp);&#13;
&#13;
	var grRole = new GlideRecord('sys_user_role');&#13;
	grRole.initialize();&#13;
	grRole.sys_scope = strAppSysId;&#13;
	grRole.name = 'test.persona_test';&#13;
	var strRolePersonaSysId = x_snc_devtools.GlideRecordInsert(grRole);&#13;
&#13;
	var grAcl = new GlideRecord('sys_security_acl');&#13;
	grAcl.initialize();&#13;
	grAcl.sys_scope = strAppSysId;&#13;
	grAcl.type = 'record';&#13;
	grAcl.operation = 'read';&#13;
	grAcl.name = 'incident';&#13;
	var strAclSysId = x_snc_devtools.GlideRecordInsert(grAcl);	&#13;
&#13;
	var grAclRole = new GlideRecord('sys_security_acl_role');&#13;
	grAclRole.initialize();&#13;
	grAclRole.sys_scope = strAppSysId;&#13;
	grAclRole.sys_security_acl = strAclSysId;&#13;
	grAclRole.sys_user_role = '282bf1fac6112285017366cb5f867469'; // itil&#13;
	var strAclRoleItilSysId = x_snc_devtools.GlideRecordInsert(grAclRole);		&#13;
	test.TestCase_InstanceScanCheck(strCheck, 'sys_security_acl_role', strAclRoleItilSysId, false);&#13;
&#13;
	var grAclRole = new GlideRecord('sys_security_acl_role');&#13;
	grAclRole.initialize();&#13;
	grAclRole.sys_scope = strAppSysId;&#13;
	grAclRole.sys_security_acl = strAclSysId;&#13;
	grAclRole.sys_user_role = strRolePersonaSysId;&#13;
	var strAclRolePersonaSysId = x_snc_devtools.GlideRecordInsert(grAclRole);		&#13;
	test.TestCase_InstanceScanCheck(strCheck, 'sys_security_acl_role', strAclRolePersonaSysId, true);&#13;
	&#13;
&#13;
&#13;
    return test.GetResult();&#13;
&#13;
})(outputs, steps, stepResult, assertEqual);</value>
        <variable display_value="Test script">989d9e235324220002c6435723dc3484</variable>
    </sys_variable_value>
</record_update>
