<?xml version="1.0" encoding="UTF-8"?><record_update table="sys_atf_step">
    <sys_atf_step action="INSERT_OR_UPDATE">
        <active>true</active>
        <copied_from/>
        <description>Run Server Side Validation Script</description>
        <display_name>Run Server Side Script</display_name>
        <inputs/>
        <mugshots_cache_json/>
        <notes/>
        <order>1</order>
        <step_config display_value="Run Server Side Script">41de4a935332120028bc29cac2dc349a</step_config>
        <sys_class_name>sys_atf_step</sys_class_name>
        <sys_created_by>admin</sys_created_by>
        <sys_created_on>2022-11-02 10:31:46</sys_created_on>
        <sys_id>16710da3db7e91106a03dad1f3961989</sys_id>
        <sys_mod_count>5</sys_mod_count>
        <sys_name>Run Server Side Script</sys_name>
        <sys_package display_value="CodeSanity" source="x_snc_codesanity">8ed42c23dbad0510bcced03cd39619ce</sys_package>
        <sys_policy/>
        <sys_scope display_value="CodeSanity">8ed42c23dbad0510bcced03cd39619ce</sys_scope>
        <sys_update_name>sys_atf_step_16710da3db7e91106a03dad1f3961989</sys_update_name>
        <sys_updated_by>admin</sys_updated_by>
        <sys_updated_on>2022-12-05 19:29:46</sys_updated_on>
        <table/>
        <test display_value="CodeSanity - Avoid the spread operator">ef6189a3db7e91106a03dad1f396190b</test>
        <timeout/>
        <warning_message/>
    </sys_atf_step>
    <sys_variable_value action="delete_multiple" query="document_key=16710da3db7e91106a03dad1f3961989"/>
    <sys_variable_value action="INSERT_OR_UPDATE">
        <document>sys_atf_step</document>
        <document_key>16710da3db7e91106a03dad1f3961989</document_key>
        <order>200</order>
        <sys_class_name>sys_variable_value</sys_class_name>
        <sys_created_by>admin</sys_created_by>
        <sys_created_on>2022-11-02 10:31:46</sys_created_on>
        <sys_id>a7710da3db7e91106a03dad1f396193f</sys_id>
        <sys_mod_count>4</sys_mod_count>
        <sys_updated_by>admin</sys_updated_by>
        <sys_updated_on>2022-12-05 19:29:46</sys_updated_on>
        <value>(function(outputs, steps, stepResult, assertEqual)&#13;
{&#13;
	var test = new x_snc_devtools.TestAPI(outputs, steps, stepResult, assertEqual);&#13;
	&#13;
	test.SetResult(true);&#13;
&#13;
	var strCheck = '2ed0c523db7e91106a03dad1f39619e1';&#13;
	&#13;
	&#13;
	var testdata = new x_snc_devtools.TestDataAPI('_ATF_CODESANITY_');&#13;
&#13;
	var strRecordSysId = testdata.CreateScriptInclude(&#13;
		'global',&#13;
		'Test1',&#13;
		'function _ATF_CODESANITY_Test1(param1)\n'&#13;
		+'{ gs.info(param1); }');&#13;
	test.TestCase_InstanceScanCheck(strCheck,'sys_script_include',strRecordSysId,false);&#13;
	&#13;
	var strRecordSysId = testdata.CreateScriptInclude(&#13;
		'global',&#13;
		'Test2',&#13;
		'//Just an innocent comment...\n'&#13;
		+'function _ATF_CODESANITY_Test2(param1)\n'&#13;
		+'{ gs.info(param1); }');&#13;
	test.TestCase_InstanceScanCheck(strCheck,'sys_script_include',strRecordSysId,false);	&#13;
	&#13;
	var strRecordSysId = testdata.CreateScriptInclude(&#13;
		'global',&#13;
		'Test3',&#13;
		'function _ATF_CODESANITY_Test3(param1)\n'&#13;
		+'{ gs.info("Just an innocent log output..."); }');&#13;
	test.TestCase_InstanceScanCheck(strCheck,'sys_script_include',strRecordSysId,false);		&#13;
	&#13;
	var strRecordSysId = testdata.CreateScriptInclude(&#13;
		'global',&#13;
		'Test10',&#13;
		'function _ATF_CODESANITY_Test10()'&#13;
		+'{'&#13;
		+'   function Sum(x, y, z) { return x + y + z; }'&#13;
		+'   const aNumbers = [1, 2, 3];'&#13;
		+'   gs.info((sum(...numbers));'&#13;
		+'}');&#13;
	test.TestCase_InstanceScanCheck(strCheck,'sys_script_include',strRecordSysId,true);&#13;
	&#13;
	var grRecord = new GlideRecord('sys_ui_script');&#13;
	grRecord.initialize();&#13;
	grRecord.sys_scope = 'global';&#13;
	grRecord.name = ' _ATF_CODESANITY_Test11';&#13;
	grRecord.script = 'function _ATF_CODESANITY_Test11()\n'&#13;
		+'{'&#13;
		+'   function Sum(x, y, z) { return x + y + z; }'&#13;
		+'   const aNumbers = [1, 2, 3];'&#13;
		+'   console.log((sum(...numbers));'&#13;
		+'}';&#13;
	var strRecordSysId = x_snc_devtools.GlideRecordInsert(grRecord);&#13;
	test.TestCase_InstanceScanCheck(strCheck,'sys_ui_script',strRecordSysId,true);&#13;
	&#13;
&#13;
	test.Log(x_snc_devtools.RenderValue(testdata.GetAllData()));&#13;
	&#13;
	return test.GetResult();&#13;
	&#13;
})(outputs, steps, stepResult, assertEqual);</value>
        <variable display_value="Test script">989d9e235324220002c6435723dc3484</variable>
    </sys_variable_value>
    <sys_variable_value action="INSERT_OR_UPDATE">
        <document>sys_atf_step</document>
        <document_key>16710da3db7e91106a03dad1f3961989</document_key>
        <order>100</order>
        <sys_class_name>sys_variable_value</sys_class_name>
        <sys_created_by>admin</sys_created_by>
        <sys_created_on>2022-11-02 10:31:46</sys_created_on>
        <sys_id>ef710da3db7e91106a03dad1f396193e</sys_id>
        <sys_mod_count>0</sys_mod_count>
        <sys_updated_by>admin</sys_updated_by>
        <sys_updated_on>2022-11-02 10:31:46</sys_updated_on>
        <value>3.1</value>
        <variable display_value="Jasmine version">42f2564b73031300440211d8faf6a777</variable>
    </sys_variable_value>
</record_update>
