<?xml version="1.0" encoding="UTF-8"?><record_update table="sys_extension_instance">
    <sys_extension_instance action="INSERT_OR_UPDATE">
        <active>true</active>
        <order>100</order>
        <point>x_snc_devtools.DevTools</point>
        <script_include display_value="DevTools">286718d3db4a8510bcced03cd396199c</script_include>
        <sys_class_name>sys_extension_instance</sys_class_name>
        <sys_created_by>admin</sys_created_by>
        <sys_created_on>2022-03-10 09:51:04</sys_created_on>
        <sys_id>ec6718d3db4a8510bcced03cd39619ba</sys_id>
        <sys_mod_count>0</sys_mod_count>
        <sys_name>x_snc_devtools.DevTools</sys_name>
        <sys_package display_value="CodeSanity" source="x_snc_codesanity">8ed42c23dbad0510bcced03cd39619ce</sys_package>
        <sys_policy/>
        <sys_scope display_value="CodeSanity">8ed42c23dbad0510bcced03cd39619ce</sys_scope>
        <sys_update_name>sys_extension_instance_ec6718d3db4a8510bcced03cd39619ba</sys_update_name>
        <sys_updated_by>admin</sys_updated_by>
        <sys_updated_on>2022-03-10 09:51:04</sys_updated_on>
    </sys_extension_instance>
</record_update>
