<?xml version="1.0" encoding="UTF-8"?><record_update table="sys_atf_step">
    <sys_atf_step action="INSERT_OR_UPDATE">
        <active>true</active>
        <copied_from/>
        <description>Run Server Side Validation Script</description>
        <display_name>Run Server Side Script</display_name>
        <inputs/>
        <mugshots_cache_json/>
        <notes/>
        <order>1</order>
        <step_config display_value="Run Server Side Script">41de4a935332120028bc29cac2dc349a</step_config>
        <sys_class_name>sys_atf_step</sys_class_name>
        <sys_created_by>admin</sys_created_by>
        <sys_created_on>2023-02-01 19:26:17</sys_created_on>
        <sys_id>c854effc1bb4e1105b76777d8b4bcb38</sys_id>
        <sys_mod_count>8</sys_mod_count>
        <sys_name>Run Server Side Script</sys_name>
        <sys_package display_value="CodeSanity" source="x_snc_codesanity">8ed42c23dbad0510bcced03cd39619ce</sys_package>
        <sys_policy/>
        <sys_scope display_value="CodeSanity">8ed42c23dbad0510bcced03cd39619ce</sys_scope>
        <sys_update_name>sys_atf_step_c854effc1bb4e1105b76777d8b4bcb38</sys_update_name>
        <sys_updated_by>admin</sys_updated_by>
        <sys_updated_on>2023-02-01 19:56:23</sys_updated_on>
        <table/>
        <test display_value="CodeSanity - AppInstall">f2342ffc1bb4e1105b76777d8b4bcbeb</test>
        <timeout/>
        <warning_message/>
    </sys_atf_step>
    <sys_variable_value action="delete_multiple" query="document_key=c854effc1bb4e1105b76777d8b4bcb38"/>
    <sys_variable_value action="INSERT_OR_UPDATE">
        <document>sys_atf_step</document>
        <document_key>c854effc1bb4e1105b76777d8b4bcb38</document_key>
        <order>100</order>
        <sys_class_name>sys_variable_value</sys_class_name>
        <sys_created_by>admin</sys_created_by>
        <sys_created_on>2023-02-01 19:26:17</sys_created_on>
        <sys_id>a484e3301bf4e1105b76777d8b4bcb33</sys_id>
        <sys_mod_count>0</sys_mod_count>
        <sys_updated_by>admin</sys_updated_by>
        <sys_updated_on>2023-02-01 19:26:17</sys_updated_on>
        <value>3.1</value>
        <variable display_value="Jasmine version">42f2564b73031300440211d8faf6a777</variable>
    </sys_variable_value>
    <sys_variable_value action="INSERT_OR_UPDATE">
        <document>sys_atf_step</document>
        <document_key>c854effc1bb4e1105b76777d8b4bcb38</document_key>
        <order>200</order>
        <sys_class_name>sys_variable_value</sys_class_name>
        <sys_created_by>admin</sys_created_by>
        <sys_created_on>2023-02-01 19:26:17</sys_created_on>
        <sys_id>ec84e3301bf4e1105b76777d8b4bcb33</sys_id>
        <sys_mod_count>8</sys_mod_count>
        <sys_updated_by>admin</sys_updated_by>
        <sys_updated_on>2023-02-01 19:56:23</sys_updated_on>
        <value>(function(outputs, steps, stepResult, assertEqual)&#13;
{&#13;
	var test = new x_snc_devtools.TestAPI(outputs, steps, stepResult, assertEqual);&#13;
	&#13;
	test.SetResult(true);&#13;
&#13;
	var strCheck = '31bed7b41bb4e1105b76777d8b4bcb7a';&#13;
	&#13;
	test.TestCase_InstanceScanCheck(strCheck,'sys_app',x_snc_devtools.GetAppRecord('x_snc_codesanity').sys_id,false);&#13;
	test.TestCase_InstanceScanCheck(strCheck,'sys_app',x_snc_devtools.GetAppRecord('x_snc_devtools').sys_id,false);&#13;
	&#13;
	var grApp = new GlideRecord('sys_app');&#13;
	grApp.initialize();&#13;
	grApp.name = 'Test';&#13;
	var strAppSysId = x_snc_devtools.GlideRecordInsert(grApp);&#13;
	&#13;
	// No AppInstall script include, no finding&#13;
	test.Log('No script include');&#13;
	test.TestCase_InstanceScanCheck(strCheck,'sys_app', strAppSysId, false);	&#13;
	&#13;
	var grSI = new GlideRecord('sys_script_include');&#13;
	grSI.initialize();&#13;
	grSI.sys_scope = strAppSysId;&#13;
	grSI.name = 'AppInstall';&#13;
	grSI.script = '';&#13;
	var strScriptIncludeSysId = x_snc_devtools.GlideRecordInsert(grSI);&#13;
&#13;
	// An empty AppInstall script include&#13;
	test.Log('Empty script include');&#13;
	test.TestCase_InstanceScanCheck(strCheck,'sys_app', strAppSysId, true);	&#13;
	&#13;
	// An AppInstall script include with a class&#13;
	var strScript = 'var AppInstall = Class.create();\n'&#13;
		+'AppInstall.prototype = {\n'&#13;
		+'   initialize: function() {\n'&#13;
		+'   },\n'&#13;
		+'   type: \'AppInstall\'\n'&#13;
		+'};';&#13;
	test.Log(strScript);&#13;
	x_snc_devtools.RecordSetValue('sys_script_include',strScriptIncludeSysId, 'script', strScript);&#13;
	test.TestCase_InstanceScanCheck(strCheck,'sys_app', strAppSysId, true);	&#13;
	&#13;
	// An AppInstall script include calling another AppInstall() function&#13;
	var strScript = 'function AppInstall()\n'&#13;
		+'{\n'&#13;
		+'   some_scope.AppInstall();\n'&#13;
		+'   var installer = InstallerAPI(\'Test\');\n'&#13;
		+'   return installer.Finish();\n'&#13;
		+'}';&#13;
	test.Log(strScript);&#13;
	x_snc_devtools.RecordSetValue('sys_script_include',strScriptIncludeSysId, 'script', strScript);&#13;
	test.TestCase_InstanceScanCheck(strCheck,'sys_app', strAppSysId, true);	&#13;
	&#13;
	// An AppInstall script include calling not returning installer.Finish();&#13;
	var strScript = 'function AppInstall()\n'&#13;
		+'{\n'&#13;
		+'   some_scope.AppInstall();\n'&#13;
		+'   var installer = InstallerAPI(\'Test\');\n'&#13;
		+'   return;\n'&#13;
		+'}';&#13;
	test.Log(strScript);&#13;
	x_snc_devtools.RecordSetValue('sys_script_include',strScriptIncludeSysId, 'script', strScript);&#13;
	test.TestCase_InstanceScanCheck(strCheck,'sys_app', strAppSysId, true);	&#13;
&#13;
	&#13;
	// A well-formed AppInstall script include &#13;
	var strScript = 'function AppInstall()\n'&#13;
		+'{\n'&#13;
		+'   var installer = InstallerAPI(\'Test\');\n'&#13;
		+'   return installer.Finish();\n'&#13;
		+'}';&#13;
	test.Log(strScript);&#13;
	x_snc_devtools.RecordSetValue('sys_script_include',strScriptIncludeSysId, 'script', strScript);&#13;
	test.TestCase_InstanceScanCheck(strCheck,'sys_app', strAppSysId, false);	&#13;
	&#13;
	&#13;
	return test.GetResult();&#13;
	&#13;
})(outputs, steps, stepResult, assertEqual);</value>
        <variable display_value="Test script">989d9e235324220002c6435723dc3484</variable>
    </sys_variable_value>
</record_update>
