<?xml version="1.0" encoding="UTF-8"?><record_update table="sys_properties">
    <sys_properties action="INSERT_OR_UPDATE">
        <choices>Debug=debug,Info=info,Warn=warn,Error=error</choices>
        <description>Controls the verbosity of log output produced by the CodeSanity application.</description>
        <ignore_cache>false</ignore_cache>
        <is_private>false</is_private>
        <name>x_snc_codesanity.logging.verbosity</name>
        <read_roles/>
        <suffix>logging.verbosity</suffix>
        <sys_class_name>sys_properties</sys_class_name>
        <sys_created_by>admin</sys_created_by>
        <sys_created_on>2022-06-10 17:13:27</sys_created_on>
        <sys_id>fdeee3f8db04d510bcced03cd39619ca</sys_id>
        <sys_mod_count>12</sys_mod_count>
        <sys_name>x_snc_codesanity.logging.verbosity</sys_name>
        <sys_package display_value="CodeSanity" source="x_snc_codesanity">8ed42c23dbad0510bcced03cd39619ce</sys_package>
        <sys_policy/>
        <sys_scope display_value="CodeSanity">8ed42c23dbad0510bcced03cd39619ce</sys_scope>
        <sys_update_name>sys_properties_fdeee3f8db04d510bcced03cd39619ca</sys_update_name>
        <sys_updated_by>admin</sys_updated_by>
        <sys_updated_on>2024-08-30 13:59:03</sys_updated_on>
        <type>choicelist</type>
        <value>info</value>
        <write_roles/>
    </sys_properties>
    <sys_translated_text action="delete_multiple" query="documentkey=fdeee3f8db04d510bcced03cd39619ca"/>
</record_update>
