<?xml version="1.0" encoding="UTF-8"?><record_update table="sys_atf_step">
    <sys_atf_step action="INSERT_OR_UPDATE">
        <active>true</active>
        <copied_from/>
        <description>Checks if all documented dependencies of the application "CodeSanity" are installed in a compatible version
</description>
        <display_name>DevTools - Check app dependencies</display_name>
        <inputs/>
        <mugshots_cache_json/>
        <notes/>
        <order>1</order>
        <step_config display_value="DevTools - Check app dependencies">e4b8e71e1bbb5d105b76777d8b4bcb35</step_config>
        <sys_class_name>sys_atf_step</sys_class_name>
        <sys_created_by>admin</sys_created_by>
        <sys_created_on>2022-12-18 20:19:29</sys_created_on>
        <sys_id>2f11082a1b3f5d105b76777d8b4bcb68</sys_id>
        <sys_mod_count>0</sys_mod_count>
        <sys_name>DevTools - Check app dependencies</sys_name>
        <sys_package display_value="CodeSanity" source="x_snc_codesanity">8ed42c23dbad0510bcced03cd39619ce</sys_package>
        <sys_policy/>
        <sys_scope display_value="CodeSanity">8ed42c23dbad0510bcced03cd39619ce</sys_scope>
        <sys_update_name>sys_atf_step_2f11082a1b3f5d105b76777d8b4bcb68</sys_update_name>
        <sys_updated_by>admin</sys_updated_by>
        <sys_updated_on>2022-12-18 20:19:29</sys_updated_on>
        <table/>
        <test display_value="CodeSanity - Installation">2c6758d3db4a8510bcced03cd3961921</test>
        <timeout/>
        <warning_message/>
    </sys_atf_step>
    <sys_variable_value action="delete_multiple" query="document_key=2f11082a1b3f5d105b76777d8b4bcb68"/>
    <sys_variable_value action="INSERT_OR_UPDATE">
        <document>sys_atf_step</document>
        <document_key>2f11082a1b3f5d105b76777d8b4bcb68</document_key>
        <order>100</order>
        <sys_class_name>sys_variable_value</sys_class_name>
        <sys_created_by>admin</sys_created_by>
        <sys_created_on>2022-12-18 20:19:29</sys_created_on>
        <sys_id>4921482a1b3f5d105b76777d8b4bcb1b</sys_id>
        <sys_mod_count>0</sys_mod_count>
        <sys_updated_by>admin</sys_updated_by>
        <sys_updated_on>2022-12-18 20:19:29</sys_updated_on>
        <value>8ed42c23dbad0510bcced03cd39619ce</value>
        <variable display_value="">75de33561b3f5d105b76777d8b4bcbc8</variable>
    </sys_variable_value>
</record_update>
