<?xml version="1.0" encoding="UTF-8"?><record_update table="sys_atf_step">
    <sys_atf_step action="INSERT_OR_UPDATE">
        <active>true</active>
        <copied_from/>
        <description>Run Server Side Validation Script</description>
        <display_name>Run Server Side Script</display_name>
        <inputs/>
        <mugshots_cache_json/>
        <notes/>
        <order>1</order>
        <step_config display_value="Run Server Side Script">41de4a935332120028bc29cac2dc349a</step_config>
        <sys_class_name>sys_atf_step</sys_class_name>
        <sys_created_by>admin</sys_created_by>
        <sys_created_on>2024-01-17 11:20:09</sys_created_on>
        <sys_id>d3a1d8211bb77d106c17fdd49b4bcbd8</sys_id>
        <sys_mod_count>9</sys_mod_count>
        <sys_name>Run Server Side Script</sys_name>
        <sys_package display_value="CodeSanity" source="x_snc_codesanity">8ed42c23dbad0510bcced03cd39619ce</sys_package>
        <sys_policy/>
        <sys_scope display_value="CodeSanity">8ed42c23dbad0510bcced03cd39619ce</sys_scope>
        <sys_update_name>sys_atf_step_d3a1d8211bb77d106c17fdd49b4bcbd8</sys_update_name>
        <sys_updated_by>admin</sys_updated_by>
        <sys_updated_on>2024-01-17 12:20:31</sys_updated_on>
        <table/>
        <test display_value="CodeSanity - AppInstall must not modify records directly">809154211bb77d106c17fdd49b4bcbe5</test>
        <timeout/>
        <warning_message/>
    </sys_atf_step>
    <sys_variable_value action="delete_multiple" query="document_key=d3a1d8211bb77d106c17fdd49b4bcbd8"/>
    <sys_variable_value action="INSERT_OR_UPDATE">
        <document>sys_atf_step</document>
        <document_key>d3a1d8211bb77d106c17fdd49b4bcbd8</document_key>
        <order>200</order>
        <sys_class_name>sys_variable_value</sys_class_name>
        <sys_created_by>admin</sys_created_by>
        <sys_created_on>2024-01-17 11:20:09</sys_created_on>
        <sys_id>c0b11c211bb77d106c17fdd49b4bcb0f</sys_id>
        <sys_mod_count>9</sys_mod_count>
        <sys_updated_by>admin</sys_updated_by>
        <sys_updated_on>2024-01-17 12:20:31</sys_updated_on>
        <value>(function(outputs, steps, stepResult, assertEqual)&#13;
{&#13;
	var test = new x_snc_devtools.TestAPI(outputs, steps, stepResult, assertEqual);&#13;
	&#13;
	test.SetResult(true);&#13;
&#13;
	var strCheck = 'bbe450251bb77d106c17fdd49b4bcb62';&#13;
	&#13;
&#13;
	// CodeSanity's own AppInstall() script complies with the rules&#13;
	test.TestCase_InstanceScanCheck(strCheck,'sys_script_include','206718d3db4a8510bcced03cd3961997',false);&#13;
&#13;
	// DevTools' GenerateAndSendCredentialsToUser() function may use .update()&#13;
	test.TestCase_InstanceScanCheck(strCheck,'sys_script_include','9650c8191b6a2110cd6153d16b4bcb82',false);&#13;
&#13;
	var grApp = new GlideRecord('sys_app');&#13;
	grApp.initialize();&#13;
	grApp.name = '_TEST_App';&#13;
	grApp.version = '1.0.0';&#13;
	grApp.scope = 'x_snc_testapp';&#13;
	var strAppSysId = x_snc_devtools.GlideRecordInsert(grApp);&#13;
&#13;
	var grRecord = new GlideRecord('sys_script_include');&#13;
	grRecord.initialize();&#13;
	grRecord.name = 'AppInstall';&#13;
	grRecord.sys_scope = strAppSysId;&#13;
	var strRecordSysId = x_snc_devtools.GlideRecordInsert(grRecord);&#13;
&#13;
	var strScript =&#13;
		'function AppInstall()\n'&#13;
		+'{ return true }';&#13;
	x_snc_devtools.RecordSetValue('sys_script_include',strRecordSysId,'script',strScript);&#13;
	test.Log(strScript);&#13;
	test.TestCase_InstanceScanCheck(strCheck,'sys_script_include',strRecordSysId,false);&#13;
&#13;
	strScript =&#13;
		'function AppInstall()\n'&#13;
		+'{'&#13;
		+'   var gr = new GlideRecord("sys_script_include");'&#13;
		+'   return true;'&#13;
		+'}';&#13;
	x_snc_devtools.RecordSetValue('sys_script_include',strRecordSysId,'script',strScript);&#13;
	test.Log(strScript);&#13;
	test.TestCase_InstanceScanCheck(strCheck,'sys_script_include',strRecordSysId,false);&#13;
&#13;
	strScript =&#13;
		'function AppInstall()\n'&#13;
		+'{'&#13;
		+'   var gr = new GlideRecord("sys_script_include");'&#13;
		+'   gr.initialize();'	&#13;
		+'   gr.insert();'		&#13;
		+'   return true;'&#13;
		+'}';&#13;
	x_snc_devtools.RecordSetValue('sys_script_include',strRecordSysId,'script',strScript);&#13;
	test.Log(strScript);&#13;
	test.TestCase_InstanceScanCheck(strCheck,'sys_script_include',strRecordSysId,true);&#13;
&#13;
&#13;
	strScript =&#13;
		'function AppInstall()\n'&#13;
		+'{'&#13;
		+'   var gr = new GlideRecord("sys_script_include");'&#13;
		+'   gr.get("xyz");'&#13;
		+'   gr.update();'&#13;
		+'   return true;'&#13;
		+'}';&#13;
	x_snc_devtools.RecordSetValue('sys_script_include',strRecordSysId,'script',strScript);&#13;
	test.Log(strScript);&#13;
	test.TestCase_InstanceScanCheck(strCheck,'sys_script_include',strRecordSysId,true);&#13;
&#13;
	strScript =&#13;
		'function AppInstall()\n'&#13;
		+'{'&#13;
		+'   var gr = new GlideRecord("sys_script_include");'&#13;
		+'   gr.get("xyz");'&#13;
		+'   // we do not use gr.update()'&#13;
		+'   return true;'&#13;
		+'}';&#13;
	x_snc_devtools.RecordSetValue('sys_script_include',strRecordSysId,'script',strScript);&#13;
	test.Log(strScript);&#13;
	test.TestCase_InstanceScanCheck(strCheck,'sys_script_include',strRecordSysId,false);&#13;
&#13;
	&#13;
&#13;
	return test.GetResult();&#13;
	&#13;
})(outputs, steps, stepResult, assertEqual);</value>
        <variable display_value="Test script">989d9e235324220002c6435723dc3484</variable>
    </sys_variable_value>
    <sys_variable_value action="INSERT_OR_UPDATE">
        <document>sys_atf_step</document>
        <document_key>d3a1d8211bb77d106c17fdd49b4bcbd8</document_key>
        <order>100</order>
        <sys_class_name>sys_variable_value</sys_class_name>
        <sys_created_by>admin</sys_created_by>
        <sys_created_on>2024-01-17 11:20:09</sys_created_on>
        <sys_id>c8b11c211bb77d106c17fdd49b4bcb0e</sys_id>
        <sys_mod_count>0</sys_mod_count>
        <sys_updated_by>admin</sys_updated_by>
        <sys_updated_on>2024-01-17 11:20:09</sys_updated_on>
        <value>3.1</value>
        <variable display_value="Jasmine version">42f2564b73031300440211d8faf6a777</variable>
    </sys_variable_value>
</record_update>
