<?xml version="1.0" encoding="UTF-8"?><record_update table="sys_atf_step">
    <sys_atf_step action="INSERT_OR_UPDATE">
        <active>true</active>
        <copied_from/>
        <description>Run Server Side Validation Script</description>
        <display_name>Run Server Side Script</display_name>
        <inputs/>
        <mugshots_cache_json/>
        <notes/>
        <order>1</order>
        <step_config display_value="Run Server Side Script">41de4a935332120028bc29cac2dc349a</step_config>
        <sys_class_name>sys_atf_step</sys_class_name>
        <sys_created_by>admin</sys_created_by>
        <sys_created_on>2023-01-06 10:45:30</sys_created_on>
        <sys_id>21f3bf90db18e5906a03dad1f3961959</sys_id>
        <sys_mod_count>3</sys_mod_count>
        <sys_name>Run Server Side Script</sys_name>
        <sys_package display_value="CodeSanity" source="x_snc_codesanity">8ed42c23dbad0510bcced03cd39619ce</sys_package>
        <sys_policy/>
        <sys_scope display_value="CodeSanity">8ed42c23dbad0510bcced03cd39619ce</sys_scope>
        <sys_update_name>sys_atf_step_21f3bf90db18e5906a03dad1f3961959</sys_update_name>
        <sys_updated_by>admin</sys_updated_by>
        <sys_updated_on>2023-01-06 10:47:10</sys_updated_on>
        <table/>
        <test display_value="CodeSanity - Deprecated logging">afe3bb90db18e5906a03dad1f39619b3</test>
        <timeout/>
        <warning_message/>
    </sys_atf_step>
    <sys_variable_value action="delete_multiple" query="document_key=21f3bf90db18e5906a03dad1f3961959"/>
    <sys_variable_value action="INSERT_OR_UPDATE">
        <document>sys_atf_step</document>
        <document_key>21f3bf90db18e5906a03dad1f3961959</document_key>
        <order>100</order>
        <sys_class_name>sys_variable_value</sys_class_name>
        <sys_created_by>admin</sys_created_by>
        <sys_created_on>2023-01-06 10:45:30</sys_created_on>
        <sys_id>6ef33f90db18e5906a03dad1f39619ca</sys_id>
        <sys_mod_count>0</sys_mod_count>
        <sys_updated_by>admin</sys_updated_by>
        <sys_updated_on>2023-01-06 10:45:30</sys_updated_on>
        <value>3.1</value>
        <variable display_value="Jasmine version">42f2564b73031300440211d8faf6a777</variable>
    </sys_variable_value>
    <sys_variable_value action="INSERT_OR_UPDATE">
        <document>sys_atf_step</document>
        <document_key>21f3bf90db18e5906a03dad1f3961959</document_key>
        <order>200</order>
        <sys_class_name>sys_variable_value</sys_class_name>
        <sys_created_by>admin</sys_created_by>
        <sys_created_on>2023-01-06 10:45:30</sys_created_on>
        <sys_id>a6f33f90db18e5906a03dad1f39619cb</sys_id>
        <sys_mod_count>3</sys_mod_count>
        <sys_updated_by>admin</sys_updated_by>
        <sys_updated_on>2023-01-06 10:47:10</sys_updated_on>
        <value>(function(outputs, steps, stepResult, assertEqual) {&#13;
    var test = new x_snc_devtools.TestAPI(outputs, steps, stepResult, assertEqual);&#13;
&#13;
    test.SetResult(true);&#13;
&#13;
    var strCheck = '3ac2ff10db18e5906a03dad1f3961926';&#13;
&#13;
    var grApp = x_snc_devtools.GetAppRecord('x_dtbsg_codesanity');&#13;
&#13;
    var grSI = new GlideRecord('sys_ui_script');&#13;
    grSI.initialize();&#13;
    grSI.sys_scope = grApp.sys_id;&#13;
    grSI.name = 'Test1';&#13;
    grSI.script = 'function Test1(strText) {  }';&#13;
    var strRecordSysId = x_snc_devtools.GlideRecordInsert(grSI);&#13;
    test.TestCase_InstanceScanCheck(strCheck, 'sys_ui_script', strRecordSysId, false);&#13;
&#13;
    var grSI = new GlideRecord('sys_ui_script');&#13;
    grSI.initialize();&#13;
    grSI.sys_scope = grApp.sys_id;&#13;
    grSI.name = 'Test2';&#13;
    grSI.script = 'function Test1(strText) { console.log(strText); }';&#13;
    var strRecordSysId = x_snc_devtools.GlideRecordInsert(grSI);&#13;
    test.TestCase_InstanceScanCheck(strCheck, 'sys_ui_script', strRecordSysId, false);&#13;
&#13;
    var grSI = new GlideRecord('sys_ui_script');&#13;
    grSI.initialize();&#13;
    grSI.sys_scope = grApp.sys_id;&#13;
    grSI.name = 'Test3';&#13;
    grSI.script = 'function Test3(strText) { jslog(strText); }';&#13;
    var strRecordSysId = x_snc_devtools.GlideRecordInsert(grSI);&#13;
    test.TestCase_InstanceScanCheck(strCheck, 'sys_ui_script', strRecordSysId, false);&#13;
&#13;
    var grSI = new GlideRecord('sys_ui_script');&#13;
    grSI.initialize();&#13;
    grSI.sys_scope = grApp.sys_id;&#13;
    grSI.name = 'Test4';&#13;
    grSI.script = 'function Test4(strText) { gs.log(strText); }';&#13;
    var strRecordSysId = x_snc_devtools.GlideRecordInsert(grSI);&#13;
    test.TestCase_InstanceScanCheck(strCheck, 'sys_ui_script', strRecordSysId, true);&#13;
&#13;
    var grSI = new GlideRecord('sys_ui_script');&#13;
    grSI.initialize();&#13;
    grSI.sys_scope = grApp.sys_id;&#13;
    grSI.name = 'Test5';&#13;
    grSI.script = 'function Test5(strText) { gs.print(strText); }';&#13;
    var strRecordSysId = x_snc_devtools.GlideRecordInsert(grSI);&#13;
    test.TestCase_InstanceScanCheck(strCheck, 'sys_ui_script', strRecordSysId, true);&#13;
&#13;
    return test.GetResult();&#13;
&#13;
})(outputs, steps, stepResult, assertEqual);</value>
        <variable display_value="Test script">989d9e235324220002c6435723dc3484</variable>
    </sys_variable_value>
</record_update>
