<?xml version="1.0" encoding="UTF-8"?><record_update sys_domain="global" table="sys_app_module">
    <sys_app_module action="INSERT_OR_UPDATE">
        <active>true</active>
        <application display_value="CodeSanity">b86758d3db4a8510bcced03cd396195c</application>
        <assessment/>
        <device_type/>
        <filter table="scan_suite_execution">suite=4fcb181bdb4a8510bcced03cd39619eb^EQ<item display_table="scan_check_suite" display_value="CodeSanity" endquery="false" field="suite" goto="false" newquery="false" operator="=" or="false" value="4fcb181bdb4a8510bcced03cd39619eb"/>
            <item endquery="true" field="" goto="false" newquery="false" operator="=" or="false" value=""/>
        </filter>
        <hint/>
        <homepage/>
        <image/>
        <link_type>LIST</link_type>
        <map_page/>
        <mobile_title>Scan Results</mobile_title>
        <mobile_view_name>Mobile</mobile_view_name>
        <name>scan_suite_execution</name>
        <order>101</order>
        <override_menu_roles>false</override_menu_roles>
        <query>&amp;sysparm_view_forced=true&amp;sysparm_order=sys_created_on&amp;sysparm_order_direction=desc</query>
        <report/>
        <require_confirmation>false</require_confirmation>
        <roles/>
        <sys_class_name>sys_app_module</sys_class_name>
        <sys_created_by>admin</sys_created_by>
        <sys_created_on>2022-03-10 12:28:26</sys_created_on>
        <sys_domain>global</sys_domain>
        <sys_domain_path>/</sys_domain_path>
        <sys_id>40ea34d7db4e8510bcced03cd3961974</sys_id>
        <sys_mod_count>3</sys_mod_count>
        <sys_name>Scan Results</sys_name>
        <sys_overrides/>
        <sys_package display_value="CodeSanity" source="x_snc_codesanity">8ed42c23dbad0510bcced03cd39619ce</sys_package>
        <sys_policy/>
        <sys_scope display_value="CodeSanity">8ed42c23dbad0510bcced03cd39619ce</sys_scope>
        <sys_update_name>sys_app_module_40ea34d7db4e8510bcced03cd3961974</sys_update_name>
        <sys_updated_by>admin</sys_updated_by>
        <sys_updated_on>2022-11-29 13:50:39</sys_updated_on>
        <timeline_page/>
        <title>Scan Results</title>
        <uncancelable>false</uncancelable>
        <view_name>CodeSanity</view_name>
        <window_name/>
    </sys_app_module>
</record_update>
