<?xml version="1.0" encoding="UTF-8"?><record_update table="sys_atf_step">
    <sys_atf_step action="INSERT_OR_UPDATE">
        <active>true</active>
        <copied_from/>
        <description>Run Server Side Validation Script</description>
        <display_name>Run Server Side Script</display_name>
        <inputs/>
        <mugshots_cache_json/>
        <notes/>
        <order>1</order>
        <step_config display_value="Run Server Side Script">41de4a935332120028bc29cac2dc349a</step_config>
        <sys_class_name>sys_atf_step</sys_class_name>
        <sys_created_by>admin</sys_created_by>
        <sys_created_on>2022-07-27 15:40:48</sys_created_on>
        <sys_id>066c9980db495510dcbdd03cd3961966</sys_id>
        <sys_mod_count>2</sys_mod_count>
        <sys_name>Run Server Side Script</sys_name>
        <sys_package display_value="CodeSanity" source="x_snc_codesanity">8ed42c23dbad0510bcced03cd39619ce</sys_package>
        <sys_policy/>
        <sys_scope display_value="CodeSanity">8ed42c23dbad0510bcced03cd39619ce</sys_scope>
        <sys_update_name>sys_atf_step_066c9980db495510dcbdd03cd3961966</sys_update_name>
        <sys_updated_by>admin</sys_updated_by>
        <sys_updated_on>2022-07-27 15:44:44</sys_updated_on>
        <table/>
        <test display_value="CodeSanity - Widget checks for input">ef5c9980db495510dcbdd03cd3961975</test>
        <timeout/>
        <warning_message/>
    </sys_atf_step>
    <sys_variable_value action="delete_multiple" query="document_key=066c9980db495510dcbdd03cd3961966"/>
    <sys_variable_value action="INSERT_OR_UPDATE">
        <document>sys_atf_step</document>
        <document_key>066c9980db495510dcbdd03cd3961966</document_key>
        <order>200</order>
        <sys_class_name>sys_variable_value</sys_class_name>
        <sys_created_by>admin</sys_created_by>
        <sys_created_on>2022-07-27 15:40:48</sys_created_on>
        <sys_id>3a6cd980db495510dcbdd03cd3961976</sys_id>
        <sys_mod_count>2</sys_mod_count>
        <sys_updated_by>admin</sys_updated_by>
        <sys_updated_on>2022-07-27 15:44:44</sys_updated_on>
        <value>(function(outputs, steps, stepResult, assertEqual)&#13;
{&#13;
	var test = new x_snc_devtools.TestAPI(outputs, steps, stepResult, assertEqual);&#13;
	&#13;
	test.SetResult(true);&#13;
&#13;
	var strCheck = 'f80bd540db495510dcbdd03cd39619db';&#13;
	&#13;
	var testdata = new x_snc_devtools.TestDataAPI('_ATF_CODESANITY_');&#13;
&#13;
	&#13;
	var strRecordSysId = testdata.CreateServicePortalWidget(&#13;
		'global',&#13;
		'Test1',&#13;
		'Some Description',&#13;
		'', // template&#13;
		'', // css&#13;
		'(function() { \n'&#13;
		+' if (input) {}\n'&#13;
		+' })();', // script&#13;
		'api.controller=function() {\n' // client_script&#13;
		+'};'&#13;
		);&#13;
	test.TestCase_InstanceScanCheck(strCheck,'sp_widget',strRecordSysId,false);	&#13;
	&#13;
	var strRecordSysId = testdata.CreateServicePortalWidget(&#13;
		'global',&#13;
		'Test10',&#13;
		'Some Description',&#13;
		'', // template&#13;
		'', // css&#13;
		'(function() { \n'&#13;
		+' \n'&#13;
		+' })();', // script&#13;
		'api.controller=function() {\n' // client_script&#13;
		+'};'&#13;
		);&#13;
	test.TestCase_InstanceScanCheck(strCheck,'sp_widget',strRecordSysId,true);		&#13;
	&#13;
&#13;
&#13;
	&#13;
	test.Log(x_snc_devtools.RenderValue(testdata.GetAllServicePortalWidgets()));&#13;
	&#13;
	return test.GetResult();&#13;
	&#13;
})(outputs, steps, stepResult, assertEqual);</value>
        <variable display_value="Test script">989d9e235324220002c6435723dc3484</variable>
    </sys_variable_value>
    <sys_variable_value action="INSERT_OR_UPDATE">
        <document>sys_atf_step</document>
        <document_key>066c9980db495510dcbdd03cd3961966</document_key>
        <order>100</order>
        <sys_class_name>sys_variable_value</sys_class_name>
        <sys_created_by>admin</sys_created_by>
        <sys_created_on>2022-07-27 15:40:48</sys_created_on>
        <sys_id>726cd980db495510dcbdd03cd3961976</sys_id>
        <sys_mod_count>0</sys_mod_count>
        <sys_updated_by>admin</sys_updated_by>
        <sys_updated_on>2022-07-27 15:40:48</sys_updated_on>
        <value>3.1</value>
        <variable display_value="Jasmine version">42f2564b73031300440211d8faf6a777</variable>
    </sys_variable_value>
</record_update>
