<?xml version="1.0" encoding="UTF-8"?><record_update table="sys_scope_privilege">
    <sys_scope_privilege action="INSERT_OR_UPDATE">
        <operation>execute</operation>
        <source_scope display_value="CodeSanity">8ed42c23dbad0510bcced03cd39619ce</source_scope>
        <status>allowed</status>
        <sys_class_name>sys_scope_privilege</sys_class_name>
        <sys_created_by>admin</sys_created_by>
        <sys_created_on>2022-03-15 17:04:31</sys_created_on>
        <sys_id>3e8aeb7cdb12cd10b652edb3059619a7</sys_id>
        <sys_mod_count>0</sys_mod_count>
        <sys_name>IsValidColumn</sys_name>
        <sys_package display_value="CodeSanity" source="x_snc_codesanity">8ed42c23dbad0510bcced03cd39619ce</sys_package>
        <sys_policy/>
        <sys_scope display_value="CodeSanity">8ed42c23dbad0510bcced03cd39619ce</sys_scope>
        <sys_update_name>sys_scope_privilege_3e8aeb7cdb12cd10b652edb3059619a7</sys_update_name>
        <sys_updated_by>admin</sys_updated_by>
        <sys_updated_on>2022-03-15 17:04:31</sys_updated_on>
        <target_name>IsValidColumn</target_name>
        <target_scope display_value="DevTools WORK IN PROGRESS">d689f6901bd38450a89720a8ec4bcbfd</target_scope>
        <target_type>sys_script_include</target_type>
    </sys_scope_privilege>
</record_update>
