<?xml version="1.0" encoding="UTF-8"?><record_update table="sys_atf_step">
    <sys_atf_step action="INSERT_OR_UPDATE">
        <active>true</active>
        <copied_from/>
        <description>Run Server Side Validation Script</description>
        <display_name>Run Server Side Script</display_name>
        <inputs/>
        <mugshots_cache_json/>
        <notes/>
        <order>1</order>
        <step_config display_value="Run Server Side Script">41de4a935332120028bc29cac2dc349a</step_config>
        <sys_class_name>sys_atf_step</sys_class_name>
        <sys_created_by>admin</sys_created_by>
        <sys_created_on>2023-02-19 20:18:55</sys_created_on>
        <sys_id>822d14f2dbc9a1106a03dad1f39619ff</sys_id>
        <sys_mod_count>3</sys_mod_count>
        <sys_name>Run Server Side Script</sys_name>
        <sys_package display_value="CodeSanity" source="x_snc_codesanity">8ed42c23dbad0510bcced03cd39619ce</sys_package>
        <sys_policy/>
        <sys_scope display_value="CodeSanity">8ed42c23dbad0510bcced03cd39619ce</sys_scope>
        <sys_update_name>sys_atf_step_822d14f2dbc9a1106a03dad1f39619ff</sys_update_name>
        <sys_updated_by>admin</sys_updated_by>
        <sys_updated_on>2023-02-19 20:21:58</sys_updated_on>
        <table/>
        <test display_value="CodeSanity - HtmlRenderCodingGuideline">450dd0f2dbc9a1106a03dad1f396192f</test>
        <timeout/>
        <warning_message/>
    </sys_atf_step>
    <sys_variable_value action="delete_multiple" query="document_key=822d14f2dbc9a1106a03dad1f39619ff"/>
    <sys_variable_value action="INSERT_OR_UPDATE">
        <document>sys_atf_step</document>
        <document_key>822d14f2dbc9a1106a03dad1f39619ff</document_key>
        <order>200</order>
        <sys_class_name>sys_variable_value</sys_class_name>
        <sys_created_by>admin</sys_created_by>
        <sys_created_on>2023-02-19 20:18:55</sys_created_on>
        <sys_id>072d94f2dbc9a1106a03dad1f3961938</sys_id>
        <sys_mod_count>3</sys_mod_count>
        <sys_updated_by>admin</sys_updated_by>
        <sys_updated_on>2023-02-19 20:21:58</sys_updated_on>
        <value>(function(outputs, steps, stepResult, assertEqual)&#13;
{&#13;
	var test = new x_snc_devtools.TestAPI(outputs, steps, stepResult, assertEqual);&#13;
	&#13;
	test.SetResult(true);&#13;
&#13;
	function TestCase_HtmlRenderCodingGuideline(vExpected)&#13;
	{&#13;
		function TestCase_HtmlRenderCodingGuideline_CheckResult(vInput,vExpected,vResult)&#13;
		{&#13;
			var strResult = x_snc_devtools.GetStringValue(vResult);&#13;
			return (strResult.indexOf(vExpected) != -1);&#13;
		}&#13;
		test.TestCase(&#13;
			'Function HtmlRenderCodingGuideline()',&#13;
			HtmlRenderCodingGuideline,&#13;
			{&#13;
			},&#13;
			vExpected,&#13;
			TestCase_HtmlRenderCodingGuideline_CheckResult);&#13;
	}&#13;
&#13;
&#13;
	TestCase_HtmlRenderCodingGuideline('&lt;h2&gt;General rules&lt;/h2&gt;');&#13;
	&#13;
	return test.GetResult();&#13;
	&#13;
})(outputs, steps, stepResult, assertEqual);</value>
        <variable display_value="Test script">989d9e235324220002c6435723dc3484</variable>
    </sys_variable_value>
    <sys_variable_value action="INSERT_OR_UPDATE">
        <document>sys_atf_step</document>
        <document_key>822d14f2dbc9a1106a03dad1f39619ff</document_key>
        <order>100</order>
        <sys_class_name>sys_variable_value</sys_class_name>
        <sys_created_by>admin</sys_created_by>
        <sys_created_on>2023-02-19 20:18:55</sys_created_on>
        <sys_id>4f2d94f2dbc9a1106a03dad1f3961937</sys_id>
        <sys_mod_count>0</sys_mod_count>
        <sys_updated_by>admin</sys_updated_by>
        <sys_updated_on>2023-02-19 20:18:55</sys_updated_on>
        <value>3.1</value>
        <variable display_value="Jasmine version">42f2564b73031300440211d8faf6a777</variable>
    </sys_variable_value>
</record_update>
