<?xml version="1.0" encoding="UTF-8"?><record_update table="sys_atf_step">
    <sys_atf_step action="INSERT_OR_UPDATE">
        <active>true</active>
        <copied_from/>
        <description>Run Server Side Validation Script</description>
        <display_name>Run Server Side Script</display_name>
        <inputs/>
        <mugshots_cache_json/>
        <notes/>
        <order>1</order>
        <step_config display_value="Run Server Side Script">41de4a935332120028bc29cac2dc349a</step_config>
        <sys_class_name>sys_atf_step</sys_class_name>
        <sys_created_by>admin</sys_created_by>
        <sys_created_on>2023-01-26 17:15:03</sys_created_on>
        <sys_id>03eccc83dbe821506a03dad1f396194e</sys_id>
        <sys_mod_count>2</sys_mod_count>
        <sys_name>Run Server Side Script</sys_name>
        <sys_package display_value="CodeSanity" source="x_snc_codesanity">8ed42c23dbad0510bcced03cd39619ce</sys_package>
        <sys_policy/>
        <sys_scope display_value="CodeSanity">8ed42c23dbad0510bcced03cd39619ce</sys_scope>
        <sys_update_name>sys_atf_step_03eccc83dbe821506a03dad1f396194e</sys_update_name>
        <sys_updated_by>admin</sys_updated_by>
        <sys_updated_on>2024-02-16 15:17:58</sys_updated_on>
        <table/>
        <test display_value="CodeSanity - GetLinkDirectoryInstanceScan">3edc0c83dbe821506a03dad1f39619e3</test>
        <timeout/>
        <warning_message/>
    </sys_atf_step>
    <sys_variable_value action="delete_multiple" query="document_key=03eccc83dbe821506a03dad1f396194e"/>
    <sys_variable_value action="INSERT_OR_UPDATE">
        <document>sys_atf_step</document>
        <document_key>03eccc83dbe821506a03dad1f396194e</document_key>
        <order>100</order>
        <sys_class_name>sys_variable_value</sys_class_name>
        <sys_created_by>admin</sys_created_by>
        <sys_created_on>2023-01-26 17:15:03</sys_created_on>
        <sys_id>bbeccc83dbe821506a03dad1f3961977</sys_id>
        <sys_mod_count>0</sys_mod_count>
        <sys_updated_by>admin</sys_updated_by>
        <sys_updated_on>2023-01-26 17:15:03</sys_updated_on>
        <value>3.1</value>
        <variable display_value="Jasmine version">42f2564b73031300440211d8faf6a777</variable>
    </sys_variable_value>
    <sys_variable_value action="INSERT_OR_UPDATE">
        <document>sys_atf_step</document>
        <document_key>03eccc83dbe821506a03dad1f396194e</document_key>
        <order>200</order>
        <sys_class_name>sys_variable_value</sys_class_name>
        <sys_created_by>admin</sys_created_by>
        <sys_created_on>2023-01-26 17:15:03</sys_created_on>
        <sys_id>f3eccc83dbe821506a03dad1f3961978</sys_id>
        <sys_mod_count>2</sys_mod_count>
        <sys_updated_by>admin</sys_updated_by>
        <sys_updated_on>2024-02-16 15:17:58</sys_updated_on>
        <value>(function(outputs, steps, stepResult, assertEqual)&#13;
{&#13;
	var test = new x_snc_devtools.TestAPI(outputs, steps, stepResult, assertEqual);&#13;
	&#13;
	test.SetResult(true);&#13;
&#13;
	function TestCase_GetLinkDirectoryInstanceScan(vExpected)&#13;
	{&#13;
		function TestCase_GetLinkDirectoryInstanceScan_CheckResult(vInput,vExpected,vResult)&#13;
		{&#13;
			var aKeys = x_snc_devtools.GetKeys(vExpected);&#13;
			for (var nKey = 0; nKey &lt; aKeys.length; nKey++)&#13;
			{&#13;
				var aLinkSectionExpected = x_snc_devtools.GetValue(vExpected,aKeys[nKey]);&#13;
				var aLinkSection = x_snc_devtools.GetValue(vResult,aKeys[nKey]);&#13;
				if (x_snc_devtools.IsArray(aLinkSection) == false)&#13;
				{&#13;
					return false;&#13;
				}&#13;
				for (var nExpectedLink = 0; nExpectedLink &lt; aLinkSectionExpected.length; nExpectedLink++)&#13;
				{&#13;
					var bFound = false;&#13;
					var sectionExpected = aLinkSectionExpected[nExpectedLink];&#13;
					for (var nLink = 0; nLink &lt; aLinkSection.length; nLink++)&#13;
					{&#13;
						if (x_snc_devtools.IsEqual(sectionExpected,aLinkSection[nLink]))&#13;
						{&#13;
							bFound = true;&#13;
						}&#13;
					}&#13;
					if (bFound == false)&#13;
					{&#13;
						return false;&#13;
					}&#13;
				}&#13;
				&#13;
			}&#13;
			&#13;
			return true;&#13;
		}&#13;
&#13;
		test.TestCase(&#13;
			'Function GetLinkDirectoryInstanceScan()',&#13;
			GetLinkDirectoryInstanceScan,&#13;
			{&#13;
			},&#13;
			vExpected,&#13;
			TestCase_GetLinkDirectoryInstanceScan_CheckResult);&#13;
	}&#13;
&#13;
	TestCase_GetLinkDirectoryInstanceScan(&#13;
		{&#13;
			'Helpful links on Instance Scan':&#13;
			[&#13;
				{&#13;
					url: 'https://docs.servicenow.com/csh?topicname=hs-landing-page.html&amp;version=latest',&#13;
					title: 'Documentation'&#13;
				}&#13;
			]&#13;
		});&#13;
	&#13;
	return test.GetResult();&#13;
	&#13;
})(outputs, steps, stepResult, assertEqual);</value>
        <variable display_value="Test script">989d9e235324220002c6435723dc3484</variable>
    </sys_variable_value>
</record_update>
