<?xml version="1.0" encoding="UTF-8"?><record_update table="sys_atf_step">
    <sys_atf_step action="INSERT_OR_UPDATE">
        <active>true</active>
        <copied_from/>
        <description>Run Server Side Validation Script</description>
        <display_name>Run Server Side Script</display_name>
        <inputs/>
        <mugshots_cache_json/>
        <notes/>
        <order>1</order>
        <step_config display_value="Run Server Side Script">41de4a935332120028bc29cac2dc349a</step_config>
        <sys_class_name>sys_atf_step</sys_class_name>
        <sys_created_by>admin</sys_created_by>
        <sys_created_on>2024-09-29 13:12:17</sys_created_on>
        <sys_id>ee5243bb83f45e1000d5ccc0deaad360</sys_id>
        <sys_mod_count>10</sys_mod_count>
        <sys_name>Run Server Side Script</sys_name>
        <sys_package display_value="CodeSanity" source="x_snc_codesanity">8ed42c23dbad0510bcced03cd39619ce</sys_package>
        <sys_policy/>
        <sys_scope display_value="CodeSanity">8ed42c23dbad0510bcced03cd39619ce</sys_scope>
        <sys_update_name>sys_atf_step_ee5243bb83f45e1000d5ccc0deaad360</sys_update_name>
        <sys_updated_by>admin</sys_updated_by>
        <sys_updated_on>2024-10-03 15:58:41</sys_updated_on>
        <table/>
        <test display_value="CodeSanity - REST API must have a default ACL">7342cf7b83f45e1000d5ccc0deaad334</test>
        <timeout/>
        <warning_message/>
    </sys_atf_step>
    <sys_variable_value action="delete_multiple" query="document_key=ee5243bb83f45e1000d5ccc0deaad360"/>
    <sys_variable_value action="INSERT_OR_UPDATE">
        <document>sys_atf_step</document>
        <document_key>ee5243bb83f45e1000d5ccc0deaad360</document_key>
        <order>100</order>
        <sys_class_name>sys_variable_value</sys_class_name>
        <sys_created_by>admin</sys_created_by>
        <sys_created_on>2024-09-29 13:12:17</sys_created_on>
        <sys_id>665243bb83f45e1000d5ccc0deaad362</sys_id>
        <sys_mod_count>0</sys_mod_count>
        <sys_updated_by>admin</sys_updated_by>
        <sys_updated_on>2024-09-29 13:12:17</sys_updated_on>
        <value>3.1</value>
        <variable display_value="Jasmine version">42f2564b73031300440211d8faf6a777</variable>
    </sys_variable_value>
    <sys_variable_value action="INSERT_OR_UPDATE">
        <document>sys_atf_step</document>
        <document_key>ee5243bb83f45e1000d5ccc0deaad360</document_key>
        <order>200</order>
        <sys_class_name>sys_variable_value</sys_class_name>
        <sys_created_by>admin</sys_created_by>
        <sys_created_on>2024-09-29 13:12:17</sys_created_on>
        <sys_id>ae5243bb83f45e1000d5ccc0deaad362</sys_id>
        <sys_mod_count>10</sys_mod_count>
        <sys_updated_by>admin</sys_updated_by>
        <sys_updated_on>2024-10-03 15:58:41</sys_updated_on>
        <value>(function(outputs, steps, stepResult, assertEqual)&#13;
{&#13;
	var test = new x_snc_devtools.TestAPI(outputs, steps, stepResult, assertEqual);&#13;
	&#13;
	test.SetResult(true);&#13;
&#13;
	var strCheck = '8bce3e3783f45e1000d5ccc0deaad3d4';&#13;
	&#13;
	// No ACL is a fail&#13;
	var grWS = new GlideRecord('sys_ws_definition');&#13;
	grWS.initialize();&#13;
	grWS.name = 'Test1';&#13;
	var strRecordSysId = x_snc_devtools.GlideRecordInsert(grWS);&#13;
	test.Log(x_snc_devtools.RenderValue(x_snc_devtools.GetRecord('sys_ws_definition',strRecordSysId)));&#13;
	test.TestCase_InstanceScanCheck(strCheck,'sys_ws_definition',strRecordSysId,true);&#13;
&#13;
	// Default ACL is a fail&#13;
	var grWS = new GlideRecord('sys_ws_definition');&#13;
	grWS.initialize();&#13;
	grWS.name = 'Test2';&#13;
	grWS.enforce_acl = 'cf9d01d3e73003009d6247e603f6a990';&#13;
	var strRecordSysId = x_snc_devtools.GlideRecordInsert(grWS);&#13;
	test.Log(x_snc_devtools.RenderValue(x_snc_devtools.GetRecord('sys_ws_definition',strRecordSysId)));&#13;
	test.TestCase_InstanceScanCheck(strCheck,'sys_ws_definition',strRecordSysId,true);	&#13;
&#13;
	// Any other ACL is ok&#13;
	var grWS = new GlideRecord('sys_ws_definition');&#13;
	grWS.initialize();&#13;
	grWS.name = 'Test3';&#13;
	grWS.enforce_acl = 'fb347a677713230001fb4311a81061aa';&#13;
	var strRecordSysId = x_snc_devtools.GlideRecordInsert(grWS);&#13;
	test.Log(x_snc_devtools.RenderValue(x_snc_devtools.GetRecord('sys_ws_definition',strRecordSysId)));&#13;
	test.TestCase_InstanceScanCheck(strCheck,'sys_ws_definition',strRecordSysId,false);	&#13;
	&#13;
	return test.GetResult();&#13;
	&#13;
})(outputs, steps, stepResult, assertEqual);</value>
        <variable display_value="Test script">989d9e235324220002c6435723dc3484</variable>
    </sys_variable_value>
</record_update>
