<?xml version="1.0" encoding="UTF-8"?><record_update sys_domain="global" table="sys_app_module">
    <sys_app_module action="INSERT_OR_UPDATE">
        <active>true</active>
        <application display_value="CodeSanity">b86758d3db4a8510bcced03cd396195c</application>
        <assessment/>
        <device_type/>
        <filter table="scan_check">category=code_sanity^name=CodeSanity - New Check^priority=1^EQ<item display_value="CodeSanity" endquery="false" field="category" goto="false" newquery="false" operator="=" or="false" value="code_sanity"/>
            <item endquery="false" field="name" goto="false" newquery="false" operator="=" or="false" value="CodeSanity - New Check"/>
            <item display_value="1 - Critical" endquery="false" field="priority" goto="false" newquery="false" operator="=" or="false" value="1"/>
            <item endquery="true" field="" goto="false" newquery="false" operator="=" or="false" value=""/>
        </filter>
        <hint/>
        <homepage/>
        <image/>
        <link_type>NEW</link_type>
        <map_page/>
        <mobile_title>Add new check</mobile_title>
        <mobile_view_name>Mobile</mobile_view_name>
        <name>scan_check</name>
        <order>105</order>
        <override_menu_roles>false</override_menu_roles>
        <query/>
        <report/>
        <require_confirmation>false</require_confirmation>
        <roles/>
        <sys_class_name>sys_app_module</sys_class_name>
        <sys_created_by>admin</sys_created_by>
        <sys_created_on>2022-03-11 13:15:11</sys_created_on>
        <sys_domain>global</sys_domain>
        <sys_domain_path>/</sys_domain_path>
        <sys_id>2b8fc62fdbcac510b652edb305961996</sys_id>
        <sys_mod_count>7</sys_mod_count>
        <sys_name>Add new check</sys_name>
        <sys_overrides/>
        <sys_package display_value="CodeSanity" source="x_snc_codesanity">8ed42c23dbad0510bcced03cd39619ce</sys_package>
        <sys_policy/>
        <sys_scope display_value="CodeSanity">8ed42c23dbad0510bcced03cd39619ce</sys_scope>
        <sys_update_name>sys_app_module_2b8fc62fdbcac510b652edb305961996</sys_update_name>
        <sys_updated_by>admin</sys_updated_by>
        <sys_updated_on>2022-07-29 06:20:21</sys_updated_on>
        <timeline_page/>
        <title>Add new check</title>
        <uncancelable>false</uncancelable>
        <view_name/>
        <window_name/>
    </sys_app_module>
</record_update>
