<?xml version="1.0" encoding="UTF-8"?><record_update table="sys_atf_step">
    <sys_atf_step action="INSERT_OR_UPDATE">
        <active>true</active>
        <copied_from/>
        <description>Run Server Side Validation Script</description>
        <display_name>Run Server Side Script</display_name>
        <inputs/>
        <mugshots_cache_json/>
        <notes/>
        <order>1</order>
        <step_config display_value="Run Server Side Script">41de4a935332120028bc29cac2dc349a</step_config>
        <sys_class_name>sys_atf_step</sys_class_name>
        <sys_created_by>admin</sys_created_by>
        <sys_created_on>2023-03-06 19:53:10</sys_created_on>
        <sys_id>7e07692b1b9d61105b76777d8b4bcb98</sys_id>
        <sys_mod_count>2</sys_mod_count>
        <sys_name>Run Server Side Script</sys_name>
        <sys_package display_value="CodeSanity" source="x_snc_codesanity">8ed42c23dbad0510bcced03cd39619ce</sys_package>
        <sys_policy/>
        <sys_scope display_value="CodeSanity">8ed42c23dbad0510bcced03cd39619ce</sys_scope>
        <sys_update_name>sys_atf_step_7e07692b1b9d61105b76777d8b4bcb98</sys_update_name>
        <sys_updated_by>admin</sys_updated_by>
        <sys_updated_on>2023-03-06 19:56:39</sys_updated_on>
        <table/>
        <test display_value="CodeSanity - Application menu must have modules">e7f6e52b1b9d61105b76777d8b4bcb85</test>
        <timeout/>
        <warning_message/>
    </sys_atf_step>
    <sys_variable_value action="delete_multiple" query="document_key=7e07692b1b9d61105b76777d8b4bcb98"/>
    <sys_variable_value action="INSERT_OR_UPDATE">
        <document>sys_atf_step</document>
        <document_key>7e07692b1b9d61105b76777d8b4bcb98</document_key>
        <order>200</order>
        <sys_class_name>sys_variable_value</sys_class_name>
        <sys_created_by>admin</sys_created_by>
        <sys_created_on>2023-03-06 19:53:10</sys_created_on>
        <sys_id>0c27a92b1b9d61105b76777d8b4bcb0e</sys_id>
        <sys_mod_count>2</sys_mod_count>
        <sys_updated_by>admin</sys_updated_by>
        <sys_updated_on>2023-03-06 19:56:39</sys_updated_on>
        <value>(function(outputs, steps, stepResult, assertEqual)&#13;
{&#13;
	var test = new x_snc_devtools.TestAPI(outputs, steps, stepResult, assertEqual);&#13;
	&#13;
	test.SetResult(true);&#13;
&#13;
	var strCheck = '92e52da71b9d61105b76777d8b4bcb8e';&#13;
	&#13;
	&#13;
	// Menu "CodeSanity" has modules&#13;
	test.TestCase_InstanceScanCheck(strCheck,'sys_app_application','b86758d3db4a8510bcced03cd396195c',false);&#13;
	&#13;
	var grAppMenu = new GlideRecord('sys_app_application');&#13;
	grAppMenu.initialize();&#13;
	grAppMenu.name = 'TEST1';&#13;
	grAppMenu.sys_scope = x_snc_devtools.GetAppRecord('x_snc_codesanity').sys_id;&#13;
	var strAppMenu1SysId = x_snc_devtools.GlideRecordInsert(grAppMenu);&#13;
	// Test1 does not have any modules&#13;
	test.TestCase_InstanceScanCheck(strCheck,'sys_app_application',grAppMenu.sys_id,true);&#13;
	&#13;
	return test.GetResult();&#13;
	&#13;
})(outputs, steps, stepResult, assertEqual);</value>
        <variable display_value="Test script">989d9e235324220002c6435723dc3484</variable>
    </sys_variable_value>
    <sys_variable_value action="INSERT_OR_UPDATE">
        <document>sys_atf_step</document>
        <document_key>7e07692b1b9d61105b76777d8b4bcb98</document_key>
        <order>100</order>
        <sys_class_name>sys_variable_value</sys_class_name>
        <sys_created_by>admin</sys_created_by>
        <sys_created_on>2023-03-06 19:53:10</sys_created_on>
        <sys_id>4427a92b1b9d61105b76777d8b4bcb0e</sys_id>
        <sys_mod_count>0</sys_mod_count>
        <sys_updated_by>admin</sys_updated_by>
        <sys_updated_on>2023-03-06 19:53:10</sys_updated_on>
        <value>3.1</value>
        <variable display_value="Jasmine version">42f2564b73031300440211d8faf6a777</variable>
    </sys_variable_value>
</record_update>
