<?xml version="1.0" encoding="UTF-8"?><record_update table="sys_properties">
    <sys_properties action="INSERT_OR_UPDATE">
        <choices/>
        <description>Controls if the Code Sanity application is active.</description>
        <ignore_cache>false</ignore_cache>
        <is_private>false</is_private>
        <name>x_snc_codesanity.active</name>
        <read_roles/>
        <suffix>active</suffix>
        <sys_class_name>sys_properties</sys_class_name>
        <sys_created_by>admin</sys_created_by>
        <sys_created_on>2022-03-10 09:50:59</sys_created_on>
        <sys_id>675754d3db4a8510bcced03cd396198a</sys_id>
        <sys_mod_count>16</sys_mod_count>
        <sys_name>x_snc_codesanity.active</sys_name>
        <sys_package display_value="CodeSanity" source="x_snc_codesanity">8ed42c23dbad0510bcced03cd39619ce</sys_package>
        <sys_policy/>
        <sys_scope display_value="CodeSanity">8ed42c23dbad0510bcced03cd39619ce</sys_scope>
        <sys_update_name>sys_properties_675754d3db4a8510bcced03cd396198a</sys_update_name>
        <sys_updated_by>admin</sys_updated_by>
        <sys_updated_on>2024-09-12 13:10:33</sys_updated_on>
        <type>boolean</type>
        <value>true</value>
        <write_roles/>
    </sys_properties>
    <sys_translated_text action="delete_multiple" query="documentkey=675754d3db4a8510bcced03cd396198a"/>
</record_update>
