<?xml version="1.0" encoding="UTF-8"?><record_update table="sys_atf_step">
    <sys_atf_step action="INSERT_OR_UPDATE">
        <active>true</active>
        <copied_from/>
        <description>Run Server Side Validation Script</description>
        <display_name>Run Server Side Script</display_name>
        <inputs/>
        <mugshots_cache_json/>
        <notes/>
        <order>1</order>
        <step_config display_value="Run Server Side Script">41de4a935332120028bc29cac2dc349a</step_config>
        <sys_class_name>sys_atf_step</sys_class_name>
        <sys_created_by>admin</sys_created_by>
        <sys_created_on>2022-06-12 14:14:34</sys_created_on>
        <sys_id>b3a8916ddb8095109232dad1f3961964</sys_id>
        <sys_mod_count>19</sys_mod_count>
        <sys_name>Run Server Side Script</sys_name>
        <sys_package display_value="CodeSanity" source="x_snc_codesanity">8ed42c23dbad0510bcced03cd39619ce</sys_package>
        <sys_policy/>
        <sys_scope display_value="CodeSanity">8ed42c23dbad0510bcced03cd39619ce</sys_scope>
        <sys_update_name>sys_atf_step_b3a8916ddb8095109232dad1f3961964</sys_update_name>
        <sys_updated_by>admin</sys_updated_by>
        <sys_updated_on>2023-03-08 08:31:19</sys_updated_on>
        <table/>
        <test display_value="CodeSanity - Bracket-dot anti-pattern">10989d2ddb8095109232dad1f39619e8</test>
        <timeout/>
        <warning_message/>
    </sys_atf_step>
    <sys_variable_value action="delete_multiple" query="document_key=b3a8916ddb8095109232dad1f3961964"/>
    <sys_variable_value action="INSERT_OR_UPDATE">
        <document>sys_atf_step</document>
        <document_key>b3a8916ddb8095109232dad1f3961964</document_key>
        <order>200</order>
        <sys_class_name>sys_variable_value</sys_class_name>
        <sys_created_by>admin</sys_created_by>
        <sys_created_on>2022-06-12 14:14:34</sys_created_on>
        <sys_id>8929d16ddb8095109232dad1f396191f</sys_id>
        <sys_mod_count>19</sys_mod_count>
        <sys_updated_by>admin</sys_updated_by>
        <sys_updated_on>2023-03-08 08:31:20</sys_updated_on>
        <value>(function(outputs, steps, stepResult, assertEqual)&#13;
{&#13;
	var test = new x_snc_devtools.TestAPI(outputs, steps, stepResult, assertEqual);&#13;
	&#13;
	test.SetResult(true);&#13;
&#13;
	var strCheck = '9aeab277dbfe4550bcced03cd396194d';&#13;
	&#13;
	var testdata = new x_snc_devtools.TestDataAPI('_ATF_CODESANITY_');&#13;
&#13;
	var strRecordSysId = testdata.CreateScriptInclude(&#13;
		'global',&#13;
		'Test1',&#13;
		'function _ATF_CODESANITY_Test2()\n'&#13;
		+'{ var strTest = "Test"; var nLength = strTest.toLower().length; }');&#13;
	test.TestCase_InstanceScanCheck(strCheck,'sys_script_include',strRecordSysId,true);	&#13;
&#13;
	var strRecordSysId = testdata.CreateScriptInclude(&#13;
		'global',&#13;
		'Test10',&#13;
		'function _ATF_CODESANITY_Test10()\n'&#13;
		+'{ var strTest = "Test"; }');&#13;
	test.TestCase_InstanceScanCheck(strCheck,'sys_script_include',strRecordSysId,false);	&#13;
	&#13;
	var strRecordSysId = testdata.CreateScriptInclude(&#13;
		'global',&#13;
		'Test11',&#13;
		'function _ATF_CODESANITY_Test11()\n'&#13;
		+'{ var strEmail = gs.getUser().getEmail(); }');&#13;
	test.TestCase_InstanceScanCheck(strCheck,'sys_script_include',strRecordSysId,false);		&#13;
	&#13;
	&#13;
	var strRecordSysId = testdata.CreateScriptInclude(&#13;
		'global',&#13;
		'Test12',&#13;
		'function _ATF_CODESANITY_Test12()\n'&#13;
		+'{\n'&#13;
		+' var result = sn_fd.Flow_API.getRunner().action("some_flow").inForeground().withInputs(inputs).run();\n'     &#13;
		+'}');&#13;
	test.TestCase_InstanceScanCheck(strCheck,'sys_script_include',strRecordSysId,false);		&#13;
&#13;
	&#13;
	var strRecordSysId = testdata.CreateScriptInclude(&#13;
		'global',&#13;
		'Test13',&#13;
		'function _ATF_CODESANITY_Test2()\n'&#13;
		+'{ var strTest = "var nLength = strTest.toLower().length;"; }');&#13;
	test.TestCase_InstanceScanCheck(strCheck,'sys_script_include',strRecordSysId,false);		&#13;
	&#13;
	var strRecordSysId = testdata.CreateServicePortalWidget(&#13;
		'global',&#13;
		'Test1',&#13;
		'Some Description',&#13;
		'', // template&#13;
		'', // css&#13;
		'(function() {})();', // script&#13;
		'api.controller=function() {\n' // client_script&#13;
		+'var c = this;\n'&#13;
		+'c.server.update().then(function(response){});\n'&#13;
		+'};'&#13;
		);&#13;
	test.TestCase_InstanceScanCheck(strCheck,'sp_widget',strRecordSysId,false);	&#13;
	&#13;
	var strRecordSysId = testdata.CreateServicePortalWidget(&#13;
		'global',&#13;
		'Test2',&#13;
		'Some Description',&#13;
		'', // template&#13;
		'', // css&#13;
		'(function() {})();', // script&#13;
		'api.controller=function() {\n' // client_script&#13;
		+'var c = this;\n'&#13;
		+'$("someid").removeAttr("whatever");\n'&#13;
		+'};'&#13;
		);&#13;
	test.TestCase_InstanceScanCheck(strCheck,'sp_widget',strRecordSysId,false);		&#13;
	&#13;
	var strRecordSysId = testdata.CreateServicePortalWidget(&#13;
		'global',&#13;
		'Test2',&#13;
		'Some Description',&#13;
		'', // template&#13;
		'', // css&#13;
		'(function() {})();', // script&#13;
		'api.controller=function() {\n' // client_script&#13;
		+'var c = this;\n'&#13;
		+'c.server.update().then(function(response){});\n'&#13;
		+'};'&#13;
		);&#13;
	test.TestCase_InstanceScanCheck(strCheck,'sp_widget',strRecordSysId,false);		&#13;
	&#13;
	&#13;
	&#13;
	&#13;
	var strRecordSysId = testdata.CreateServicePortalWidget(&#13;
		'global',&#13;
		'Test3',&#13;
		'Some Description',&#13;
		'', // template&#13;
		'', // css&#13;
		'(function() {})();', // script&#13;
		'api.controller=function() {\n' // client_script&#13;
		+'var c = this;\n'&#13;
		+'c.server.update().then(function(response){});\n'&#13;
		+'var test1 = test1().test2();\n'&#13;
		+'};'&#13;
		);&#13;
	test.TestCase_InstanceScanCheck(strCheck,'sp_widget',strRecordSysId,true);		&#13;
	&#13;
	var strRecordSysId = testdata.CreateServicePortalWidget(&#13;
		'global',&#13;
		'Test4',&#13;
		'Some Description',&#13;
		'', // template&#13;
		'', // css&#13;
		'(function() {})();', // script&#13;
		'api.controller=function() {\n' // client_script&#13;
		+'var test1 = test2().test3();\n'&#13;
		+'};'&#13;
		);&#13;
	test.TestCase_InstanceScanCheck(strCheck,'sp_widget',strRecordSysId,true);			&#13;
	&#13;
	var strRecordSysId = testdata.CreateServicePortalWidget(&#13;
		'global',&#13;
		'Test5',&#13;
		'Some Description',&#13;
		'', // template&#13;
		'', // css&#13;
		'(function() {})();', // script&#13;
		'api.controller=function() {\n' // client_script&#13;
		+'var element = $("someId");\n'&#13;
		+'element.removeAttr("someAttribute");\n'&#13;
		+'var test1 = test2().test3();\n'&#13;
		+'};'&#13;
		);&#13;
	test.TestCase_InstanceScanCheck(strCheck,'sp_widget',strRecordSysId,true);		&#13;
	&#13;
	test.Log(x_snc_devtools.RenderValue(testdata.GetAllServicePortalWidgets()));&#13;
	&#13;
	return test.GetResult();&#13;
	&#13;
})(outputs, steps, stepResult, assertEqual);</value>
        <variable display_value="Test script">989d9e235324220002c6435723dc3484</variable>
    </sys_variable_value>
    <sys_variable_value action="INSERT_OR_UPDATE">
        <document>sys_atf_step</document>
        <document_key>b3a8916ddb8095109232dad1f3961964</document_key>
        <order>100</order>
        <sys_class_name>sys_variable_value</sys_class_name>
        <sys_created_by>admin</sys_created_by>
        <sys_created_on>2022-06-12 14:14:34</sys_created_on>
        <sys_id>c129d16ddb8095109232dad1f396191f</sys_id>
        <sys_mod_count>0</sys_mod_count>
        <sys_updated_by>admin</sys_updated_by>
        <sys_updated_on>2022-06-12 14:14:34</sys_updated_on>
        <value>3.1</value>
        <variable display_value="Jasmine version">42f2564b73031300440211d8faf6a777</variable>
    </sys_variable_value>
</record_update>
