<?xml version="1.0" encoding="UTF-8"?><record_update table="sys_atf_step">
    <sys_atf_step action="INSERT_OR_UPDATE">
        <active>true</active>
        <copied_from/>
        <description>Run Server Side Validation Script</description>
        <display_name>Run Server Side Script</display_name>
        <inputs/>
        <mugshots_cache_json/>
        <notes/>
        <order>1</order>
        <step_config display_value="Run Server Side Script">41de4a935332120028bc29cac2dc349a</step_config>
        <sys_class_name>sys_atf_step</sys_class_name>
        <sys_created_by>admin</sys_created_by>
        <sys_created_on>2023-02-06 14:44:14</sys_created_on>
        <sys_id>f4e39cae1b7869105b76777d8b4bcb09</sys_id>
        <sys_mod_count>1</sys_mod_count>
        <sys_name>Run Server Side Script</sys_name>
        <sys_package display_value="CodeSanity" source="x_snc_codesanity">8ed42c23dbad0510bcced03cd39619ce</sys_package>
        <sys_policy/>
        <sys_scope display_value="CodeSanity">8ed42c23dbad0510bcced03cd39619ce</sys_scope>
        <sys_update_name>sys_atf_step_f4e39cae1b7869105b76777d8b4bcb09</sys_update_name>
        <sys_updated_by>admin</sys_updated_by>
        <sys_updated_on>2023-02-06 14:49:58</sys_updated_on>
        <table/>
        <test display_value="CodeSanity - UI Action requires a role">b1d318ae1b7869105b76777d8b4bcb00</test>
        <timeout/>
        <warning_message/>
    </sys_atf_step>
    <sys_variable_value action="delete_multiple" query="document_key=f4e39cae1b7869105b76777d8b4bcb09"/>
    <sys_variable_value action="INSERT_OR_UPDATE">
        <document>sys_atf_step</document>
        <document_key>f4e39cae1b7869105b76777d8b4bcb09</document_key>
        <order>200</order>
        <sys_class_name>sys_variable_value</sys_class_name>
        <sys_created_by>admin</sys_created_by>
        <sys_created_on>2023-02-06 14:44:15</sys_created_on>
        <sys_id>3de35cae1b7869105b76777d8b4bcb62</sys_id>
        <sys_mod_count>1</sys_mod_count>
        <sys_updated_by>admin</sys_updated_by>
        <sys_updated_on>2023-02-06 14:49:58</sys_updated_on>
        <value>(function(outputs, steps, stepResult, assertEqual)&#13;
{&#13;
	var test = new x_snc_devtools.TestAPI(outputs, steps, stepResult, assertEqual);&#13;
	&#13;
	test.SetResult(true);&#13;
&#13;
	var strCheck = '4a51902e1b7869105b76777d8b4bcbd1';&#13;
	&#13;
	test.TestCase_InstanceScanCheck(strCheck,'sys_ui_action','fd55755b1b4bb090edf3642aab4bcbe5',false); // DevTools' "Find Sys Id"&#13;
	test.TestCase_InstanceScanCheck(strCheck,'sys_ui_action','0f008c68db55d150dcbdd03cd396197f',false); // CodeSanity's "CodeSanity Scan"&#13;
	&#13;
	var grUIA = new GlideRecord('sys_ui_action');&#13;
	grUIA.initialize();&#13;
	grUIA.name = 'Test';&#13;
	grUIA.sys_scope = x_snc_devtools.GetAppRecord('x_snc_codesanity').sys_id;&#13;
	var strUIASysId = x_snc_devtools.GlideRecordInsert(grUIA);&#13;
	test.TestCase_InstanceScanCheck(strCheck,'sys_ui_action', strUIASysId, true);	&#13;
		&#13;
	return test.GetResult();&#13;
	&#13;
})(outputs, steps, stepResult, assertEqual);</value>
        <variable display_value="Test script">989d9e235324220002c6435723dc3484</variable>
    </sys_variable_value>
    <sys_variable_value action="INSERT_OR_UPDATE">
        <document>sys_atf_step</document>
        <document_key>f4e39cae1b7869105b76777d8b4bcb09</document_key>
        <order>100</order>
        <sys_class_name>sys_variable_value</sys_class_name>
        <sys_created_by>admin</sys_created_by>
        <sys_created_on>2023-02-06 14:44:14</sys_created_on>
        <sys_id>f1e35cae1b7869105b76777d8b4bcb62</sys_id>
        <sys_mod_count>0</sys_mod_count>
        <sys_updated_by>admin</sys_updated_by>
        <sys_updated_on>2023-02-06 14:44:14</sys_updated_on>
        <value>3.1</value>
        <variable display_value="Jasmine version">42f2564b73031300440211d8faf6a777</variable>
    </sys_variable_value>
</record_update>
