<?xml version="1.0" encoding="UTF-8"?><record_update table="sys_atf_step">
    <sys_atf_step action="INSERT_OR_UPDATE">
        <active>true</active>
        <copied_from/>
        <description>Run Server Side Validation Script</description>
        <display_name>Run Server Side Script</display_name>
        <inputs/>
        <mugshots_cache_json/>
        <notes/>
        <order>1</order>
        <step_config display_value="Run Server Side Script">41de4a935332120028bc29cac2dc349a</step_config>
        <sys_class_name>sys_atf_step</sys_class_name>
        <sys_created_by>admin</sys_created_by>
        <sys_created_on>2022-11-23 10:29:57</sys_created_on>
        <sys_id>9c7ac9d2db93d5106a03dad1f39619b6</sys_id>
        <sys_mod_count>4</sys_mod_count>
        <sys_name>Run Server Side Script</sys_name>
        <sys_package display_value="CodeSanity" source="x_snc_codesanity">8ed42c23dbad0510bcced03cd39619ce</sys_package>
        <sys_policy/>
        <sys_scope display_value="CodeSanity">8ed42c23dbad0510bcced03cd39619ce</sys_scope>
        <sys_update_name>sys_atf_step_9c7ac9d2db93d5106a03dad1f39619b6</sys_update_name>
        <sys_updated_by>admin</sys_updated_by>
        <sys_updated_on>2022-11-23 10:48:08</sys_updated_on>
        <table/>
        <test display_value="CodeSanity - ATF test must be in an ATF suite">b46a49d2db93d5106a03dad1f39619a2</test>
        <timeout/>
        <warning_message/>
    </sys_atf_step>
    <sys_variable_value action="delete_multiple" query="document_key=9c7ac9d2db93d5106a03dad1f39619b6"/>
    <sys_variable_value action="INSERT_OR_UPDATE">
        <document>sys_atf_step</document>
        <document_key>9c7ac9d2db93d5106a03dad1f39619b6</document_key>
        <order>100</order>
        <sys_class_name>sys_variable_value</sys_class_name>
        <sys_created_by>admin</sys_created_by>
        <sys_created_on>2022-11-23 10:29:57</sys_created_on>
        <sys_id>317a0dd2db93d5106a03dad1f396191d</sys_id>
        <sys_mod_count>0</sys_mod_count>
        <sys_updated_by>admin</sys_updated_by>
        <sys_updated_on>2022-11-23 10:29:57</sys_updated_on>
        <value>3.1</value>
        <variable display_value="Jasmine version">42f2564b73031300440211d8faf6a777</variable>
    </sys_variable_value>
    <sys_variable_value action="INSERT_OR_UPDATE">
        <document>sys_atf_step</document>
        <document_key>9c7ac9d2db93d5106a03dad1f39619b6</document_key>
        <order>200</order>
        <sys_class_name>sys_variable_value</sys_class_name>
        <sys_created_by>admin</sys_created_by>
        <sys_created_on>2022-11-23 10:29:57</sys_created_on>
        <sys_id>797a0dd2db93d5106a03dad1f396191d</sys_id>
        <sys_mod_count>4</sys_mod_count>
        <sys_updated_by>admin</sys_updated_by>
        <sys_updated_on>2022-11-23 10:48:08</sys_updated_on>
        <value>(function(outputs, steps, stepResult, assertEqual)&#13;
{&#13;
	var test = new x_snc_devtools.TestAPI(outputs, steps, stepResult, assertEqual);&#13;
	&#13;
	test.SetResult(true);&#13;
&#13;
	var strCheck = 'ad58c552db93d5106a03dad1f39619d6';&#13;
	&#13;
	&#13;
	&#13;
	// Test "CodeSanity - Installation" is part of the "CodeSanity" test suite:&#13;
	test.TestCase_InstanceScanCheck(strCheck,'sys_atf_test','2c6758d3db4a8510bcced03cd3961921',false);&#13;
	&#13;
	&#13;
	var grTest = new GlideRecord('sys_atf_test');&#13;
	grTest.initialize();&#13;
	grTest.name = 'TEST1';&#13;
	grTest.sys_scope = x_snc_devtools.GetAppRecord('x_snc_codesanity').sys_id;&#13;
	var strTest1SysId = x_snc_devtools.GlideRecordInsert(grTest);&#13;
	&#13;
	// Test1 is not part of any suite:&#13;
	test.TestCase_InstanceScanCheck(strCheck,'sys_atf_test',grTest.sys_id,true);&#13;
	&#13;
	var grTestSuiteTest = new GlideRecord('sys_atf_test_suite_test');&#13;
	grTestSuiteTest.initialize();&#13;
	grTestSuiteTest.test = strTest1SysId;&#13;
	grTestSuiteTest.test_suite = '4a8550391b5b8850a89720a8ec4bcbd9'; // DevTools test suite&#13;
	grTestSuiteTest.sys_scope = x_snc_devtools.GetAppRecord('x_snc_codesanity').sys_id;&#13;
	x_snc_devtools.GlideRecordInsert(grTestSuiteTest);&#13;
	&#13;
	// Test1 is not part of the DevTools test suite - but that's not good enough:&#13;
	test.TestCase_InstanceScanCheck(strCheck,'sys_atf_test',grTest.sys_id,true);	&#13;
&#13;
	&#13;
	var grTestSuiteTest = new GlideRecord('sys_atf_test_suite_test');&#13;
	grTestSuiteTest.initialize();&#13;
	grTestSuiteTest.test = strTest1SysId;&#13;
	grTestSuiteTest.test_suite = '2c6758d3db4a8510bcced03cd396191d'; // CodeSanity test suite&#13;
	grTestSuiteTest.sys_scope = x_snc_devtools.GetAppRecord('x_snc_codesanity').sys_id;&#13;
	x_snc_devtools.GlideRecordInsert(grTestSuiteTest);&#13;
	&#13;
	// Test1 is now part of the CodeSanity test suite (in the same scope) - so that should be ok:&#13;
	test.TestCase_InstanceScanCheck(strCheck,'sys_atf_test',strTest1SysId,false);		&#13;
	&#13;
	return test.GetResult();&#13;
	&#13;
})(outputs, steps, stepResult, assertEqual);</value>
        <variable display_value="Test script">989d9e235324220002c6435723dc3484</variable>
    </sys_variable_value>
</record_update>
