<?xml version="1.0" encoding="UTF-8"?><record_update table="sys_atf_step">
    <sys_atf_step action="INSERT_OR_UPDATE">
        <active>true</active>
        <copied_from/>
        <description>Run Server Side Validation Script</description>
        <display_name>Run Server Side Script</display_name>
        <inputs/>
        <mugshots_cache_json/>
        <notes/>
        <order>1</order>
        <step_config display_value="Run Server Side Script">41de4a935332120028bc29cac2dc349a</step_config>
        <sys_class_name>sys_atf_step</sys_class_name>
        <sys_created_by>admin</sys_created_by>
        <sys_created_on>2024-11-27 13:46:19</sys_created_on>
        <sys_id>60ff76b683461e1000d5ccc0deaad3bd</sys_id>
        <sys_mod_count>5</sys_mod_count>
        <sys_name>Run Server Side Script</sys_name>
        <sys_package display_value="CodeSanity" source="x_snc_codesanity">8ed42c23dbad0510bcced03cd39619ce</sys_package>
        <sys_policy/>
        <sys_scope display_value="CodeSanity">8ed42c23dbad0510bcced03cd39619ce</sys_scope>
        <sys_update_name>sys_atf_step_60ff76b683461e1000d5ccc0deaad3bd</sys_update_name>
        <sys_updated_by>admin</sys_updated_by>
        <sys_updated_on>2024-11-27 13:55:32</sys_updated_on>
        <table/>
        <test display_value="CodeSanity - Role has a valid name">46efb2b683461e1000d5ccc0deaad373</test>
        <timeout/>
        <warning_message/>
    </sys_atf_step>
    <sys_variable_value action="delete_multiple" query="document_key=60ff76b683461e1000d5ccc0deaad3bd"/>
    <sys_variable_value action="INSERT_OR_UPDATE">
        <document>sys_atf_step</document>
        <document_key>60ff76b683461e1000d5ccc0deaad3bd</document_key>
        <order>200</order>
        <sys_class_name>sys_variable_value</sys_class_name>
        <sys_created_by>admin</sys_created_by>
        <sys_created_on>2024-11-27 13:46:19</sys_created_on>
        <sys_id>60ff76b683461e1000d5ccc0deaad3bf</sys_id>
        <sys_mod_count>5</sys_mod_count>
        <sys_updated_by>admin</sys_updated_by>
        <sys_updated_on>2024-11-27 13:55:32</sys_updated_on>
        <value>(function(outputs, steps, stepResult, assertEqual)&#13;
{&#13;
	var test = new x_snc_devtools.TestAPI(outputs, steps, stepResult, assertEqual);&#13;
	&#13;
	test.SetResult(true);&#13;
&#13;
	var strCheck = '6c3d7eb283461e1000d5ccc0deaad378';&#13;
	&#13;
	var grRoleAdmin = x_snc_devtools.GetRoleRecord('admin');&#13;
	test.TestCase_InstanceScanCheck(strCheck,'sys_user_role',grRoleAdmin.sys_id,false);&#13;
&#13;
	var strAppSysId = x_snc_devtools.GetStringValue(x_snc_devtools.GetAppRecord('x_snc_datasanity').sys_id);&#13;
&#13;
	var grRoleTestValid = new GlideRecord('sys_user_role');&#13;
	grRoleTestValid.initialize();&#13;
	grRoleTestValid.sys_scope = strAppSysId;&#13;
	grRoleTestValid.suffix = 'test';&#13;
	var strRoleTestValidSysId = x_snc_devtools.GlideRecordInsert(grRoleTestValid);&#13;
	test.TestCase_InstanceScanCheck(strCheck,'sys_user_role',strRoleTestValidSysId,false);&#13;
&#13;
	var grRoleTestValid = new GlideRecord('sys_user_role');&#13;
	grRoleTestValid.initialize();&#13;
	grRoleTestValid.sys_scope = strAppSysId;&#13;
	grRoleTestValid.suffix = 'test_one';&#13;
	var strRoleTestValidSysId = x_snc_devtools.GlideRecordInsert(grRoleTestValid);&#13;
	test.TestCase_InstanceScanCheck(strCheck,'sys_user_role',strRoleTestValidSysId,false);&#13;
&#13;
	var grRoleTestInvalid = new GlideRecord('sys_user_role');&#13;
	grRoleTestInvalid.initialize();&#13;
	grRoleTestInvalid.sys_scope = strAppSysId;&#13;
	grRoleTestInvalid.suffix = 'test_';&#13;
	var strRoleTestInvalidSysId = x_snc_devtools.GlideRecordInsert(grRoleTestInvalid);&#13;
	test.TestCase_InstanceScanCheck(strCheck,'sys_user_role',strRoleTestInvalidSysId,true);&#13;
&#13;
	var grRoleTestInvalid = new GlideRecord('sys_user_role');&#13;
	grRoleTestInvalid.initialize();&#13;
	grRoleTestInvalid.sys_scope = strAppSysId;&#13;
	grRoleTestInvalid.suffix = '';&#13;
	var strRoleTestInvalidSysId = x_snc_devtools.GlideRecordInsert(grRoleTestInvalid);&#13;
	test.TestCase_InstanceScanCheck(strCheck,'sys_user_role',strRoleTestInvalidSysId,true);	&#13;
&#13;
	var grRoleTestInvalid = new GlideRecord('sys_user_role');&#13;
	grRoleTestInvalid.initialize();&#13;
	grRoleTestInvalid.sys_scope = strAppSysId;&#13;
	grRoleTestInvalid.suffix = 'ABC';&#13;
	var strRoleTestInvalidSysId = x_snc_devtools.GlideRecordInsert(grRoleTestInvalid);&#13;
	test.TestCase_InstanceScanCheck(strCheck,'sys_user_role',strRoleTestInvalidSysId,true);		&#13;
&#13;
	var grRoleTestInvalid = new GlideRecord('sys_user_role');&#13;
	grRoleTestInvalid.initialize();&#13;
	grRoleTestInvalid.sys_scope = strAppSysId;&#13;
	grRoleTestInvalid.suffix = 'a_B';&#13;
	var strRoleTestInvalidSysId = x_snc_devtools.GlideRecordInsert(grRoleTestInvalid);&#13;
	test.TestCase_InstanceScanCheck(strCheck,'sys_user_role',strRoleTestInvalidSysId,true);			&#13;
	&#13;
	return test.GetResult();&#13;
	&#13;
})(outputs, steps, stepResult, assertEqual);</value>
        <variable display_value="Test script">989d9e235324220002c6435723dc3484</variable>
    </sys_variable_value>
    <sys_variable_value action="INSERT_OR_UPDATE">
        <document>sys_atf_step</document>
        <document_key>60ff76b683461e1000d5ccc0deaad3bd</document_key>
        <order>100</order>
        <sys_class_name>sys_variable_value</sys_class_name>
        <sys_created_by>admin</sys_created_by>
        <sys_created_on>2024-11-27 13:46:19</sys_created_on>
        <sys_id>a8ff76b683461e1000d5ccc0deaad3be</sys_id>
        <sys_mod_count>0</sys_mod_count>
        <sys_updated_by>admin</sys_updated_by>
        <sys_updated_on>2024-11-27 13:46:19</sys_updated_on>
        <value>3.1</value>
        <variable display_value="Jasmine version">42f2564b73031300440211d8faf6a777</variable>
    </sys_variable_value>
</record_update>
