<?xml version="1.0" encoding="UTF-8"?><record_update table="sys_atf_step">
    <sys_atf_step action="INSERT_OR_UPDATE">
        <active>true</active>
        <copied_from/>
        <description>Run Server Side Validation Script</description>
        <display_name>Run Server Side Script</display_name>
        <inputs/>
        <mugshots_cache_json/>
        <notes/>
        <order>1</order>
        <step_config display_value="Run Server Side Script">41de4a935332120028bc29cac2dc349a</step_config>
        <sys_class_name>sys_atf_step</sys_class_name>
        <sys_created_by>admin</sys_created_by>
        <sys_created_on>2022-11-09 10:39:55</sys_created_on>
        <sys_id>f17645fddbc3d9106a03dad1f3961918</sys_id>
        <sys_mod_count>16</sys_mod_count>
        <sys_name>Run Server Side Script</sys_name>
        <sys_package display_value="CodeSanity" source="x_snc_codesanity">8ed42c23dbad0510bcced03cd39619ce</sys_package>
        <sys_policy/>
        <sys_scope display_value="CodeSanity">8ed42c23dbad0510bcced03cd39619ce</sys_scope>
        <sys_update_name>sys_atf_step_f17645fddbc3d9106a03dad1f3961918</sys_update_name>
        <sys_updated_by>admin</sys_updated_by>
        <sys_updated_on>2023-01-05 15:54:00</sys_updated_on>
        <table/>
        <test display_value="CodeSanity - App documentation">656681fddbc3d9106a03dad1f396197f</test>
        <timeout/>
        <warning_message/>
    </sys_atf_step>
    <sys_variable_value action="delete_multiple" query="document_key=f17645fddbc3d9106a03dad1f3961918"/>
    <sys_variable_value action="INSERT_OR_UPDATE">
        <document>sys_atf_step</document>
        <document_key>f17645fddbc3d9106a03dad1f3961918</document_key>
        <order>100</order>
        <sys_class_name>sys_variable_value</sys_class_name>
        <sys_created_by>admin</sys_created_by>
        <sys_created_on>2022-11-09 10:39:55</sys_created_on>
        <sys_id>577605fddbc3d9106a03dad1f39619c8</sys_id>
        <sys_mod_count>0</sys_mod_count>
        <sys_updated_by>admin</sys_updated_by>
        <sys_updated_on>2022-11-09 10:39:55</sys_updated_on>
        <value>3.1</value>
        <variable display_value="Jasmine version">42f2564b73031300440211d8faf6a777</variable>
    </sys_variable_value>
    <sys_variable_value action="INSERT_OR_UPDATE">
        <document>sys_atf_step</document>
        <document_key>f17645fddbc3d9106a03dad1f3961918</document_key>
        <order>200</order>
        <sys_class_name>sys_variable_value</sys_class_name>
        <sys_created_by>admin</sys_created_by>
        <sys_created_on>2022-11-09 10:39:55</sys_created_on>
        <sys_id>9f7605fddbc3d9106a03dad1f39619c8</sys_id>
        <sys_mod_count>16</sys_mod_count>
        <sys_updated_by>admin</sys_updated_by>
        <sys_updated_on>2023-01-05 15:54:00</sys_updated_on>
        <value>(function(outputs, steps, stepResult, assertEqual) {&#13;
    var test = new x_snc_devtools.TestAPI(outputs, steps, stepResult, assertEqual);&#13;
&#13;
    test.SetResult(true);&#13;
&#13;
    var strCheck = '32ef6839db83d9106a03dad1f396199a';&#13;
&#13;
    var grApp = x_snc_devtools.GetAppRecord('x_snc_codesanity');&#13;
    test.TestCase_InstanceScanCheck(strCheck, 'sys_app', grApp.sys_id, false);&#13;
&#13;
	var grApp = new GlideRecord('sys_app');&#13;
	grApp.initialize();&#13;
	grApp.name = 'Test';&#13;
	var strAppId = x_snc_devtools.GlideRecordInsert(grApp);&#13;
	test.TestCase_InstanceScanCheck(strCheck, 'sys_app', strAppId, true);&#13;
	&#13;
	grApp.short_description = 'This is a test';&#13;
	grApp.x_snc_devtools_maintainer = 'John Doe';&#13;
	grApp.x_snc_devtools_maintainer_email = 'john@example.com';&#13;
	grApp.x_snc_devtools_documentation_url = 'https://www.example.com';&#13;
	grApp.x_snc_devtools_repo_url = 'https://www.example.com';&#13;
	x_snc_devtools.GlideRecordUpdate(grApp);&#13;
	test.TestCase_InstanceScanCheck(strCheck, 'sys_app', strAppId, false);&#13;
	&#13;
	&#13;
	grApp.x_snc_devtools_maintainer_email = 'invalid';&#13;
	x_snc_devtools.GlideRecordUpdate(grApp);&#13;
	test.TestCase_InstanceScanCheck(strCheck, 'sys_app', strAppId, true);	&#13;
&#13;
	grApp.x_snc_devtools_maintainer_email = 'john@example.com';&#13;
	grApp.x_snc_devtools_documentation_url = 'bogus';&#13;
	x_snc_devtools.GlideRecordUpdate(grApp);&#13;
	test.TestCase_InstanceScanCheck(strCheck, 'sys_app', strAppId, true);	&#13;
&#13;
	grApp.x_snc_devtools_documentation_url = 'https://www.example.com';&#13;
	grApp.x_snc_devtools_repo_url = 'bogus';&#13;
	x_snc_devtools.GlideRecordUpdate(grApp);&#13;
	test.TestCase_InstanceScanCheck(strCheck, 'sys_app', strAppId, true);	&#13;
&#13;
	&#13;
&#13;
    return test.GetResult();&#13;
&#13;
})(outputs, steps, stepResult, assertEqual);</value>
        <variable display_value="Test script">989d9e235324220002c6435723dc3484</variable>
    </sys_variable_value>
</record_update>
