<?xml version="1.0" encoding="UTF-8"?><record_update table="sys_atf_step">
    <sys_atf_step action="INSERT_OR_UPDATE">
        <active>true</active>
        <copied_from/>
        <description>Run Server Side Validation Script</description>
        <display_name>Run Server Side Script</display_name>
        <inputs/>
        <mugshots_cache_json/>
        <notes/>
        <order>1</order>
        <step_config display_value="Run Server Side Script">41de4a935332120028bc29cac2dc349a</step_config>
        <sys_class_name>sys_atf_step</sys_class_name>
        <sys_created_by>admin</sys_created_by>
        <sys_created_on>2022-11-30 16:20:24</sys_created_on>
        <sys_id>f2cd9ee81babd1105b76777d8b4bcb34</sys_id>
        <sys_mod_count>5</sys_mod_count>
        <sys_name>Run Server Side Script</sys_name>
        <sys_package display_value="CodeSanity" source="x_snc_codesanity">8ed42c23dbad0510bcced03cd39619ce</sys_package>
        <sys_policy/>
        <sys_scope display_value="CodeSanity">8ed42c23dbad0510bcced03cd39619ce</sys_scope>
        <sys_update_name>sys_atf_step_f2cd9ee81babd1105b76777d8b4bcb34</sys_update_name>
        <sys_updated_by>admin</sys_updated_by>
        <sys_updated_on>2022-11-30 16:36:31</sys_updated_on>
        <table/>
        <test display_value="CodeSanity - GetAppIdentifiers">dfbd5ae81babd1105b76777d8b4bcb1d</test>
        <timeout/>
        <warning_message/>
    </sys_atf_step>
    <sys_variable_value action="delete_multiple" query="document_key=f2cd9ee81babd1105b76777d8b4bcb34"/>
    <sys_variable_value action="INSERT_OR_UPDATE">
        <document>sys_atf_step</document>
        <document_key>f2cd9ee81babd1105b76777d8b4bcb34</document_key>
        <order>100</order>
        <sys_class_name>sys_variable_value</sys_class_name>
        <sys_created_by>admin</sys_created_by>
        <sys_created_on>2022-11-30 16:20:24</sys_created_on>
        <sys_id>afcd9ee81babd1105b76777d8b4bcb69</sys_id>
        <sys_mod_count>0</sys_mod_count>
        <sys_updated_by>admin</sys_updated_by>
        <sys_updated_on>2022-11-30 16:20:24</sys_updated_on>
        <value>3.1</value>
        <variable display_value="Jasmine version">42f2564b73031300440211d8faf6a777</variable>
    </sys_variable_value>
    <sys_variable_value action="INSERT_OR_UPDATE">
        <document>sys_atf_step</document>
        <document_key>f2cd9ee81babd1105b76777d8b4bcb34</document_key>
        <order>200</order>
        <sys_class_name>sys_variable_value</sys_class_name>
        <sys_created_by>admin</sys_created_by>
        <sys_created_on>2022-11-30 16:20:24</sys_created_on>
        <sys_id>e7cd9ee81babd1105b76777d8b4bcb6a</sys_id>
        <sys_mod_count>5</sys_mod_count>
        <sys_updated_by>admin</sys_updated_by>
        <sys_updated_on>2022-11-30 16:36:31</sys_updated_on>
        <value>(function(outputs, steps, stepResult, assertEqual)&#13;
{&#13;
	var test = new x_snc_devtools.TestAPI(outputs, steps, stepResult, assertEqual);&#13;
	&#13;
	test.SetResult(true);&#13;
&#13;
&#13;
	function TestCase_GetAppIdentifiers(aApps, vExpected)&#13;
	{&#13;
		function TestCase_GetAppIdentifiers_CheckResult(vInput,vExpected,vResult)&#13;
		{&#13;
			return x_snc_devtools.IsEqual(vExpected,vResult);&#13;
		}	&#13;
		&#13;
		test.TestCase(&#13;
			'Function GetAppIdentifiers()',&#13;
			GetAppIdentifiers,&#13;
			{&#13;
				'Apps': aApps &#13;
			},&#13;
			vExpected,&#13;
			TestCase_GetAppIdentifiers_CheckResult);&#13;
	}&#13;
&#13;
&#13;
	TestCase_GetAppIdentifiers(null,[]);&#13;
	TestCase_GetAppIdentifiers([],[]);&#13;
	TestCase_GetAppIdentifiers(['x_snc_devtools'],['x_snc_devtools']);&#13;
	TestCase_GetAppIdentifiers(['DevTools'],['x_snc_devtools']);&#13;
	TestCase_GetAppIdentifiers(['x_snc_devtools','CodeSanity'],['x_snc_devtools','x_snc_codesanity']);&#13;
	&#13;
	return test.GetResult();&#13;
	&#13;
})(outputs, steps, stepResult, assertEqual);&#13;
&#13;
</value>
        <variable display_value="Test script">989d9e235324220002c6435723dc3484</variable>
    </sys_variable_value>
</record_update>
