<?xml version="1.0" encoding="UTF-8"?><record_update table="sys_atf_step">
    <sys_atf_step action="INSERT_OR_UPDATE">
        <active>true</active>
        <copied_from/>
        <description>Run Server Side Validation Script</description>
        <display_name>Run Server Side Script</display_name>
        <inputs/>
        <mugshots_cache_json/>
        <notes/>
        <order>1</order>
        <step_config display_value="Run Server Side Script">41de4a935332120028bc29cac2dc349a</step_config>
        <sys_class_name>sys_atf_step</sys_class_name>
        <sys_created_by>admin</sys_created_by>
        <sys_created_on>2022-11-24 08:26:55</sys_created_on>
        <sys_id>54e7f56edb9b19106a03dad1f39619b2</sys_id>
        <sys_mod_count>6</sys_mod_count>
        <sys_name>Run Server Side Script</sys_name>
        <sys_package display_value="CodeSanity" source="x_snc_codesanity">8ed42c23dbad0510bcced03cd39619ce</sys_package>
        <sys_policy/>
        <sys_scope display_value="CodeSanity">8ed42c23dbad0510bcced03cd39619ce</sys_scope>
        <sys_update_name>sys_atf_step_54e7f56edb9b19106a03dad1f39619b2</sys_update_name>
        <sys_updated_by>admin</sys_updated_by>
        <sys_updated_on>2023-01-06 09:32:50</sys_updated_on>
        <table/>
        <test display_value="CodeSanity - ATF tests for script includes">77c7756edb9b19106a03dad1f396196e</test>
        <timeout/>
        <warning_message/>
    </sys_atf_step>
    <sys_variable_value action="delete_multiple" query="document_key=54e7f56edb9b19106a03dad1f39619b2"/>
    <sys_variable_value action="INSERT_OR_UPDATE">
        <document>sys_atf_step</document>
        <document_key>54e7f56edb9b19106a03dad1f39619b2</document_key>
        <order>200</order>
        <sys_class_name>sys_variable_value</sys_class_name>
        <sys_created_by>admin</sys_created_by>
        <sys_created_on>2022-11-24 08:26:55</sys_created_on>
        <sys_id>55e7f56edb9b19106a03dad1f39619ff</sys_id>
        <sys_mod_count>6</sys_mod_count>
        <sys_updated_by>admin</sys_updated_by>
        <sys_updated_on>2023-01-06 09:32:50</sys_updated_on>
        <value>(function(outputs, steps, stepResult, assertEqual)&#13;
{&#13;
	var test = new x_snc_devtools.TestAPI(outputs, steps, stepResult, assertEqual);&#13;
	&#13;
	test.SetResult(true);&#13;
&#13;
	var strCheck = 'e1b1e922db5b19106a03dad1f39619a2';&#13;
	&#13;
	// Script Include "GetExecutionRules" has an ATF test&#13;
	test.TestCase_InstanceScanCheck(strCheck,'sys_script_include','ab832236db459d10dcbdd03cd3961982',false);&#13;
	&#13;
	// Script Include "CodeSanityClientAPI" has no ATF test BUT doesn't need one&#13;
	test.TestCase_InstanceScanCheck(strCheck,'sys_script_include','60f2dbbadb5399106a03dad1f3961950',false);	&#13;
	&#13;
	// The Test script include does not have an ATF test&#13;
	var grScriptInclude = new GlideRecord('sys_script_include');&#13;
	grScriptInclude.initialize();&#13;
	grScriptInclude.sys_scope = x_snc_devtools.GetAppRecord('x_snc_codesanity').sys_id;&#13;
	grScriptInclude.name = 'Test1';&#13;
	var strRecordSysId = x_snc_devtools.GlideRecordInsert(grScriptInclude);&#13;
	test.TestCase_InstanceScanCheck(strCheck,'sys_script_include',strRecordSysId,true);&#13;
&#13;
	// The Test script include does not have an ATF test but doesn't need one either&#13;
	var grScriptInclude = new GlideRecord('sys_script_include');&#13;
	grScriptInclude.initialize();&#13;
	grScriptInclude.sys_scope = x_snc_devtools.GetAppRecord('x_snc_codesanity').sys_id;&#13;
	grScriptInclude.name = 'TestClientAPI';&#13;
	grScriptInclude.client_callable = true;&#13;
	var strRecordSysId = x_snc_devtools.GlideRecordInsert(grScriptInclude);&#13;
	test.TestCase_InstanceScanCheck(strCheck,'sys_script_include',strRecordSysId,false);&#13;
	&#13;
	&#13;
	&#13;
	return test.GetResult();&#13;
	&#13;
})(outputs, steps, stepResult, assertEqual);</value>
        <variable display_value="Test script">989d9e235324220002c6435723dc3484</variable>
    </sys_variable_value>
    <sys_variable_value action="INSERT_OR_UPDATE">
        <document>sys_atf_step</document>
        <document_key>54e7f56edb9b19106a03dad1f39619b2</document_key>
        <order>100</order>
        <sys_class_name>sys_variable_value</sys_class_name>
        <sys_created_by>admin</sys_created_by>
        <sys_created_on>2022-11-24 08:26:55</sys_created_on>
        <sys_id>9de7f56edb9b19106a03dad1f39619fe</sys_id>
        <sys_mod_count>0</sys_mod_count>
        <sys_updated_by>admin</sys_updated_by>
        <sys_updated_on>2022-11-24 08:26:55</sys_updated_on>
        <value>3.1</value>
        <variable display_value="Jasmine version">42f2564b73031300440211d8faf6a777</variable>
    </sys_variable_value>
</record_update>
