<?xml version="1.0" encoding="UTF-8"?><record_update table="sys_atf_step">
    <sys_atf_step action="INSERT_OR_UPDATE">
        <active>true</active>
        <copied_from/>
        <description>Run Server Side Validation Script</description>
        <display_name>Run Server Side Script</display_name>
        <inputs/>
        <mugshots_cache_json/>
        <notes/>
        <order>1</order>
        <step_config display_value="Run Server Side Script">41de4a935332120028bc29cac2dc349a</step_config>
        <sys_class_name>sys_atf_step</sys_class_name>
        <sys_created_by>admin</sys_created_by>
        <sys_created_on>2024-09-12 11:04:55</sys_created_on>
        <sys_id>93220f9683ec961000d5ccc0deaad357</sys_id>
        <sys_mod_count>3</sys_mod_count>
        <sys_name>Run Server Side Script</sys_name>
        <sys_package display_value="CodeSanity" source="x_snc_codesanity">8ed42c23dbad0510bcced03cd39619ce</sys_package>
        <sys_policy/>
        <sys_scope display_value="CodeSanity">8ed42c23dbad0510bcced03cd39619ce</sys_scope>
        <sys_update_name>sys_atf_step_93220f9683ec961000d5ccc0deaad357</sys_update_name>
        <sys_updated_by>admin</sys_updated_by>
        <sys_updated_on>2024-09-12 11:07:37</sys_updated_on>
        <table/>
        <test display_value="CodeSanity - Persona role in UI Action">64228b9683ec961000d5ccc0deaad32f</test>
        <timeout/>
        <warning_message/>
    </sys_atf_step>
    <sys_variable_value action="delete_multiple" query="document_key=93220f9683ec961000d5ccc0deaad357"/>
    <sys_variable_value action="INSERT_OR_UPDATE">
        <document>sys_atf_step</document>
        <document_key>93220f9683ec961000d5ccc0deaad357</document_key>
        <order>100</order>
        <sys_class_name>sys_variable_value</sys_class_name>
        <sys_created_by>admin</sys_created_by>
        <sys_created_on>2024-09-12 11:04:55</sys_created_on>
        <sys_id>13220f9683ec961000d5ccc0deaad359</sys_id>
        <sys_mod_count>0</sys_mod_count>
        <sys_updated_by>admin</sys_updated_by>
        <sys_updated_on>2024-09-12 11:04:55</sys_updated_on>
        <value>3.1</value>
        <variable display_value="Jasmine version">42f2564b73031300440211d8faf6a777</variable>
    </sys_variable_value>
    <sys_variable_value action="INSERT_OR_UPDATE">
        <document>sys_atf_step</document>
        <document_key>93220f9683ec961000d5ccc0deaad357</document_key>
        <order>200</order>
        <sys_class_name>sys_variable_value</sys_class_name>
        <sys_created_by>admin</sys_created_by>
        <sys_created_on>2024-09-12 11:04:55</sys_created_on>
        <sys_id>5b220f9683ec961000d5ccc0deaad359</sys_id>
        <sys_mod_count>3</sys_mod_count>
        <sys_updated_by>admin</sys_updated_by>
        <sys_updated_on>2024-09-12 11:07:37</sys_updated_on>
        <value>(function(outputs, steps, stepResult, assertEqual) {&#13;
    var test = new x_snc_devtools.TestAPI(outputs, steps, stepResult, assertEqual);&#13;
&#13;
    test.SetResult(true);&#13;
&#13;
    var strCheck = 'd795b2d683ac961000d5ccc0deaad3e3';&#13;
&#13;
	var grApp = new GlideRecord('sys_app');&#13;
	grApp.initialize();&#13;
	grApp.name = 'Test';&#13;
	grApp.scope = 'test';&#13;
	var strAppSysId = x_snc_devtools.GlideRecordInsert(grApp);&#13;
&#13;
	var grRole = new GlideRecord('sys_user_role');&#13;
	grRole.initialize();&#13;
	grRole.sys_scope = strAppSysId;&#13;
	grRole.name = 'test.persona_test';&#13;
	var strRolePersonaSysId = x_snc_devtools.GlideRecordInsert(grRole);&#13;
&#13;
	var grUiAction = new GlideRecord('sys_ui_action');&#13;
	grUiAction.initialize();&#13;
	grUiAction.sys_scope = strAppSysId;&#13;
	grUiAction.name = 'Test';&#13;
	var strUiActionSysId = x_snc_devtools.GlideRecordInsert(grUiAction);	&#13;
&#13;
	var grUiActionRole = new GlideRecord('sys_ui_action_role');&#13;
	grUiActionRole.initialize();&#13;
	grUiActionRole.sys_scope = strAppSysId;&#13;
	grUiActionRole.sys_ui_action = strUiActionSysId;&#13;
	grUiActionRole.sys_user_role = '282bf1fac6112285017366cb5f867469'; // itil&#13;
	var strUiActionRoleItilSysId = x_snc_devtools.GlideRecordInsert(grUiActionRole);		&#13;
	test.TestCase_InstanceScanCheck(strCheck, 'sys_ui_action_role', strUiActionRoleItilSysId, false);&#13;
&#13;
	var grUiActionRole = new GlideRecord('sys_ui_action_role');&#13;
	grUiActionRole.initialize();&#13;
	grUiActionRole.sys_scope = strAppSysId;&#13;
	grUiActionRole.sys_ui_action = strUiActionSysId;&#13;
	grUiActionRole.sys_user_role = strRolePersonaSysId;&#13;
	var strUiActionRolePersonaSysId = x_snc_devtools.GlideRecordInsert(grUiActionRole);		&#13;
	test.TestCase_InstanceScanCheck(strCheck, 'sys_ui_action_role', strUiActionRolePersonaSysId, true);&#13;
	&#13;
&#13;
&#13;
    return test.GetResult();&#13;
&#13;
})(outputs, steps, stepResult, assertEqual);</value>
        <variable display_value="Test script">989d9e235324220002c6435723dc3484</variable>
    </sys_variable_value>
</record_update>
