<?xml version="1.0" encoding="UTF-8"?><record_update table="sys_extension_point">
    <sys_extension_point action="INSERT_OR_UPDATE">
        <api_name>x_snc_codesanity.CodeSanity</api_name>
        <description>The extension point allows to define additional execution rules.&#13;
The function GetExecutionRules() can set (or remove) rules that will be considered by all CodeSanity checks.</description>
        <example><![CDATA[var CodeSanity = Class.create();
CodeSanity.prototype = {
	initialize: function()
	{	
	},

	GetExecutionRules: function(rules)
	{
		// To disable the check "CodeSanity - Throwing exceptions" on scope "x_your_scope"
		rules.blacklist.push(
			{
				scopes : ['x_your_scope'],
				checks : ['CodeSanity - Throwing exceptions'],
			});
			
		// To disable the check "CodeSanity - Bracket-dot anti-pattern"
		rules.blacklist.push(
			{
				all: true,
				checks : ['CodeSanity - Bracket-dot anti-pattern'],
			});
		
		// To run the check "CodeSanity - Your specific check" only in scope "x_your_scope" and scope "x_your_other_scope"
		rules.whitelist.push(
			{
				scopes : ['x_your_scope','x_your_other_scope'],
				checks : ['CodeSanity - Your specific check'],
			});	

		return rules;
	},	

	type: 'CodeSanity'
};]]></example>
        <name>CodeSanity</name>
        <restrict_scope>false</restrict_scope>
        <sys_class_name>sys_extension_point</sys_class_name>
        <sys_created_by>admin</sys_created_by>
        <sys_created_on>2022-08-05 09:42:53</sys_created_on>
        <sys_id>0f60e2f2db459d10dcbdd03cd39619df</sys_id>
        <sys_mod_count>3</sys_mod_count>
        <sys_name>CodeSanity</sys_name>
        <sys_package display_value="CodeSanity" source="x_snc_codesanity">8ed42c23dbad0510bcced03cd39619ce</sys_package>
        <sys_policy/>
        <sys_scope display_value="CodeSanity">8ed42c23dbad0510bcced03cd39619ce</sys_scope>
        <sys_update_name>sys_extension_point_0f60e2f2db459d10dcbdd03cd39619df</sys_update_name>
        <sys_updated_by>admin</sys_updated_by>
        <sys_updated_on>2022-08-18 13:54:53</sys_updated_on>
    </sys_extension_point>
</record_update>
