<?xml version="1.0" encoding="UTF-8"?><record_update table="sys_properties">
    <sys_properties action="INSERT_OR_UPDATE">
        <choices/>
        <description>Controls the frequency of beancount log output. If set to 0 (the default), the beancount log output is only produced at the end of the scan.</description>
        <ignore_cache>false</ignore_cache>
        <is_private>false</is_private>
        <name>x_snc_codesanity.log.beancount.frequency</name>
        <read_roles/>
        <suffix>log.beancount.frequency</suffix>
        <sys_class_name>sys_properties</sys_class_name>
        <sys_created_by>admin</sys_created_by>
        <sys_created_on>2023-01-26 19:19:52</sys_created_on>
        <sys_id>1c89a40bdb6c21506a03dad1f3961962</sys_id>
        <sys_mod_count>4</sys_mod_count>
        <sys_name>x_snc_codesanity.log.beancount.frequency</sys_name>
        <sys_package display_value="CodeSanity" source="x_snc_codesanity">8ed42c23dbad0510bcced03cd39619ce</sys_package>
        <sys_policy/>
        <sys_scope display_value="CodeSanity">8ed42c23dbad0510bcced03cd39619ce</sys_scope>
        <sys_update_name>sys_properties_1c89a40bdb6c21506a03dad1f3961962</sys_update_name>
        <sys_updated_by>admin</sys_updated_by>
        <sys_updated_on>2023-01-26 19:27:02</sys_updated_on>
        <type>integer</type>
        <value>0</value>
        <write_roles/>
    </sys_properties>
    <sys_translated_text action="delete_multiple" query="documentkey=1c89a40bdb6c21506a03dad1f3961962"/>
</record_update>
