<?xml version="1.0" encoding="UTF-8"?><record_update sys_domain="global" table="sys_app_module">
    <sys_app_module action="INSERT_OR_UPDATE">
        <active>true</active>
        <application display_value="CodeSanity">b86758d3db4a8510bcced03cd396195c</application>
        <assessment/>
        <device_type/>
        <filter table="scan_check_suite">sys_id=4fcb181bdb4a8510bcced03cd39619eb^EQ<item endquery="false" field="sys_id" goto="false" newquery="false" operator="=" or="false" value="4fcb181bdb4a8510bcced03cd39619eb"/>
            <item endquery="true" field="" goto="false" newquery="false" operator="=" or="false" value=""/>
        </filter>
        <hint/>
        <homepage/>
        <image/>
        <link_type>DETAIL</link_type>
        <map_page/>
        <mobile_title>Scan Suite</mobile_title>
        <mobile_view_name>Mobile</mobile_view_name>
        <name>scan_check_suite</name>
        <order>100</order>
        <override_menu_roles>false</override_menu_roles>
        <query/>
        <report/>
        <require_confirmation>false</require_confirmation>
        <roles/>
        <sys_class_name>sys_app_module</sys_class_name>
        <sys_created_by>admin</sys_created_by>
        <sys_created_on>2022-03-10 10:12:20</sys_created_on>
        <sys_domain>global</sys_domain>
        <sys_domain_path>/</sys_domain_path>
        <sys_id>edeb981bdb4a8510bcced03cd3961949</sys_id>
        <sys_mod_count>2</sys_mod_count>
        <sys_name>Scan Suite</sys_name>
        <sys_overrides/>
        <sys_package display_value="CodeSanity" source="x_snc_codesanity">8ed42c23dbad0510bcced03cd39619ce</sys_package>
        <sys_policy/>
        <sys_scope display_value="CodeSanity">8ed42c23dbad0510bcced03cd39619ce</sys_scope>
        <sys_update_name>sys_app_module_edeb981bdb4a8510bcced03cd3961949</sys_update_name>
        <sys_updated_by>admin</sys_updated_by>
        <sys_updated_on>2022-03-10 10:13:32</sys_updated_on>
        <timeline_page/>
        <title>Scan Suite</title>
        <uncancelable>false</uncancelable>
        <view_name/>
        <window_name/>
    </sys_app_module>
</record_update>
