<?xml version="1.0" encoding="UTF-8"?><record_update table="sys_atf_step">
    <sys_atf_step action="INSERT_OR_UPDATE">
        <active>true</active>
        <copied_from/>
        <description>Run Server Side Validation Script</description>
        <display_name>Run Server Side Script</display_name>
        <inputs/>
        <mugshots_cache_json/>
        <notes/>
        <order>1</order>
        <step_config display_value="Run Server Side Script">41de4a935332120028bc29cac2dc349a</step_config>
        <sys_class_name>sys_atf_step</sys_class_name>
        <sys_created_by>admin</sys_created_by>
        <sys_created_on>2023-01-05 17:40:50</sys_created_on>
        <sys_id>ea690490db18a5906a03dad1f39619ac</sys_id>
        <sys_mod_count>4</sys_mod_count>
        <sys_name>Run Server Side Script</sys_name>
        <sys_package display_value="CodeSanity" source="x_snc_codesanity">8ed42c23dbad0510bcced03cd39619ce</sys_package>
        <sys_policy/>
        <sys_scope display_value="CodeSanity">8ed42c23dbad0510bcced03cd39619ce</sys_scope>
        <sys_update_name>sys_atf_step_ea690490db18a5906a03dad1f39619ac</sys_update_name>
        <sys_updated_by>admin</sys_updated_by>
        <sys_updated_on>2023-04-14 11:04:56</sys_updated_on>
        <table/>
        <test display_value="CodeSanity - ATF suite contains at least one test">ec69c090db18a5906a03dad1f3961998</test>
        <timeout/>
        <warning_message/>
    </sys_atf_step>
    <sys_variable_value action="delete_multiple" query="document_key=ea690490db18a5906a03dad1f39619ac"/>
    <sys_variable_value action="INSERT_OR_UPDATE">
        <document>sys_atf_step</document>
        <document_key>ea690490db18a5906a03dad1f39619ac</document_key>
        <order>200</order>
        <sys_class_name>sys_variable_value</sys_class_name>
        <sys_created_by>admin</sys_created_by>
        <sys_created_on>2023-01-05 17:40:50</sys_created_on>
        <sys_id>7c790490db18a5906a03dad1f39619bc</sys_id>
        <sys_mod_count>4</sys_mod_count>
        <sys_updated_by>admin</sys_updated_by>
        <sys_updated_on>2023-04-14 11:04:56</sys_updated_on>
        <value>(function(outputs, steps, stepResult, assertEqual)&#13;
{&#13;
	var test = new x_snc_devtools.TestAPI(outputs, steps, stepResult, assertEqual);&#13;
	&#13;
	test.SetResult(true);&#13;
&#13;
	var strCheck = '7e580450db18a5906a03dad1f39619a0';&#13;
	&#13;
	// The CodeSanity test suite &#13;
	test.TestCase_InstanceScanCheck(strCheck,'sys_atf_test_suite','2c6758d3db4a8510bcced03cd396191d',false);&#13;
	&#13;
	var grTestSuite = new GlideRecord('sys_atf_test_suite');&#13;
	grTestSuite.initialize();&#13;
	grTestSuite.sys_scope = x_snc_devtools.GetAppRecord('x_snc_codesanity').sys_id;&#13;
	grTestSuite.name = 'Test';&#13;
	var strTestSuiteSysId = x_snc_devtools.GlideRecordInsert(grTestSuite);&#13;
	&#13;
	test.TestCase_InstanceScanCheck(strCheck,'sys_atf_test_suite',strTestSuiteSysId,true);&#13;
	&#13;
	var grTestSuite = new GlideRecord('sys_atf_test_suite');&#13;
	grTestSuite.initialize();&#13;
	grTestSuite.parent = strTestSuiteSysId;&#13;
	grTestSuite.sys_scope = x_snc_devtools.GetAppRecord('x_snc_codesanity').sys_id;&#13;
	grTestSuite.name = 'Test2';&#13;
	var strTestSuiteChildSysId = x_snc_devtools.GlideRecordInsert(grTestSuite);	&#13;
	&#13;
	test.TestCase_InstanceScanCheck(strCheck,'sys_atf_test_suite',strTestSuiteSysId,false);&#13;
			&#13;
	return test.GetResult();&#13;
	&#13;
})(outputs, steps, stepResult, assertEqual);</value>
        <variable display_value="Test script">989d9e235324220002c6435723dc3484</variable>
    </sys_variable_value>
    <sys_variable_value action="INSERT_OR_UPDATE">
        <document>sys_atf_step</document>
        <document_key>ea690490db18a5906a03dad1f39619ac</document_key>
        <order>100</order>
        <sys_class_name>sys_variable_value</sys_class_name>
        <sys_created_by>admin</sys_created_by>
        <sys_created_on>2023-01-05 17:40:50</sys_created_on>
        <sys_id>b4790490db18a5906a03dad1f39619bc</sys_id>
        <sys_mod_count>0</sys_mod_count>
        <sys_updated_by>admin</sys_updated_by>
        <sys_updated_on>2023-01-05 17:40:50</sys_updated_on>
        <value>3.1</value>
        <variable display_value="Jasmine version">42f2564b73031300440211d8faf6a777</variable>
    </sys_variable_value>
</record_update>
