<?xml version="1.0" encoding="UTF-8"?><record_update table="sys_scope_privilege">
    <sys_scope_privilege action="INSERT_OR_UPDATE">
        <operation>execute</operation>
        <source_scope display_value="CodeSanity">8ed42c23dbad0510bcced03cd39619ce</source_scope>
        <status>allowed</status>
        <sys_class_name>sys_scope_privilege</sys_class_name>
        <sys_created_by>joel.fischer@snc</sys_created_by>
        <sys_created_on>2022-10-31 22:14:10</sys_created_on>
        <sys_id>0d1f81471bba11105b76777d8b4bcbee</sys_id>
        <sys_mod_count>0</sys_mod_count>
        <sys_name>StringReplace</sys_name>
        <sys_package display_value="CodeSanity" source="x_snc_codesanity">8ed42c23dbad0510bcced03cd39619ce</sys_package>
        <sys_policy/>
        <sys_scope display_value="CodeSanity">8ed42c23dbad0510bcced03cd39619ce</sys_scope>
        <sys_update_name>sys_scope_privilege_0d1f81471bba11105b76777d8b4bcbee</sys_update_name>
        <sys_updated_by>joel.fischer@snc</sys_updated_by>
        <sys_updated_on>2022-10-31 22:14:10</sys_updated_on>
        <target_name>StringReplace</target_name>
        <target_scope display_value="DevTools WORK IN PROGRESS">d689f6901bd38450a89720a8ec4bcbfd</target_scope>
        <target_type>sys_script_include</target_type>
    </sys_scope_privilege>
</record_update>
