<?xml version="1.0" encoding="UTF-8"?><record_update table="sys_atf_step">
    <sys_atf_step action="INSERT_OR_UPDATE">
        <active>true</active>
        <copied_from/>
        <description>Run Server Side Validation Script</description>
        <display_name>Run Server Side Script</display_name>
        <inputs/>
        <mugshots_cache_json/>
        <notes/>
        <order>1</order>
        <step_config display_value="Run Server Side Script">41de4a935332120028bc29cac2dc349a</step_config>
        <sys_class_name>sys_atf_step</sys_class_name>
        <sys_created_by>admin</sys_created_by>
        <sys_created_on>2023-08-07 06:18:05</sys_created_on>
        <sys_id>7861ff3497ac7110a6a07767f053afa7</sys_id>
        <sys_mod_count>7</sys_mod_count>
        <sys_name>Run Server Side Script</sys_name>
        <sys_package display_value="CodeSanity" source="x_snc_codesanity">8ed42c23dbad0510bcced03cd39619ce</sys_package>
        <sys_policy/>
        <sys_scope display_value="CodeSanity">8ed42c23dbad0510bcced03cd39619ce</sys_scope>
        <sys_update_name>sys_atf_step_7861ff3497ac7110a6a07767f053afa7</sys_update_name>
        <sys_updated_by>admin</sys_updated_by>
        <sys_updated_on>2024-05-16 12:39:43</sys_updated_on>
        <table/>
        <test display_value="CodeSanity - UI Action must have a unique Action name">ff413f3497ac7110a6a07767f053afda</test>
        <timeout/>
        <warning_message/>
    </sys_atf_step>
    <sys_variable_value action="delete_multiple" query="document_key=7861ff3497ac7110a6a07767f053afa7"/>
    <sys_variable_value action="INSERT_OR_UPDATE">
        <document>sys_atf_step</document>
        <document_key>7861ff3497ac7110a6a07767f053afa7</document_key>
        <order>200</order>
        <sys_class_name>sys_variable_value</sys_class_name>
        <sys_created_by>admin</sys_created_by>
        <sys_created_on>2023-08-07 06:18:05</sys_created_on>
        <sys_id>c661bf3497ac7110a6a07767f053afe4</sys_id>
        <sys_mod_count>7</sys_mod_count>
        <sys_updated_by>admin</sys_updated_by>
        <sys_updated_on>2024-05-16 12:39:44</sys_updated_on>
        <value>(function(outputs, steps, stepResult, assertEqual)&#13;
{&#13;
	var test = new x_snc_devtools.TestAPI(outputs, steps, stepResult, assertEqual);&#13;
	&#13;
	test.SetResult(true);&#13;
&#13;
	var strCheck = 'e3c4d97c97207110a6a07767f053af37';&#13;
	&#13;
	var grRecord = new GlideRecord('sys_ui_action');&#13;
	grRecord.initialize();&#13;
	grRecord.name = '_ATF_CODESANITY_TEST1';&#13;
	grRecord.action_name = 'atf_codesanity_test1';&#13;
	var strRecordSysId = x_snc_devtools.GlideRecordInsert(grRecord);&#13;
	test.TestCase_InstanceScanCheck(strCheck,'sys_ui_action',strRecordSysId,false);&#13;
	&#13;
	var grRecord = new GlideRecord('sys_ui_action');&#13;
	grRecord.initialize();&#13;
	grRecord.name = '_ATF_CODESANITY_TEST10';&#13;
	grRecord.action_name = '';&#13;
	var strRecordSysId = x_snc_devtools.GlideRecordInsert(grRecord);&#13;
	test.TestCase_InstanceScanCheck(strCheck,'sys_ui_action',strRecordSysId,true);&#13;
	&#13;
	var grRecord = new GlideRecord('sys_ui_action');&#13;
	grRecord.initialize();&#13;
	grRecord.name = '_ATF_CODESANITY_TEST11';&#13;
	grRecord.action_name = 'atf_codesanity_test_duplicate';&#13;
	var strRecord1SysId = x_snc_devtools.GlideRecordInsert(grRecord);&#13;
	test.TestCase_InstanceScanCheck(strCheck,'sys_ui_action',strRecord1SysId,false);	&#13;
&#13;
	var grRecord = new GlideRecord('sys_ui_action');&#13;
	grRecord.initialize();&#13;
	grRecord.name = '_ATF_CODESANITY_TEST12';&#13;
	grRecord.action_name = 'atf_codesanity_test_duplicate';&#13;
	var strRecord2SysId = x_snc_devtools.GlideRecordInsert(grRecord);&#13;
	test.TestCase_InstanceScanCheck(strCheck,'sys_ui_action',strRecord1SysId,true);		&#13;
	test.TestCase_InstanceScanCheck(strCheck,'sys_ui_action',strRecord2SysId,true);		&#13;
&#13;
	// Overriding use cases&#13;
	var grRecord = new GlideRecord('sys_ui_action');&#13;
	grRecord.initialize();&#13;
	grRecord.table = 'incident';&#13;
	grRecord.name = 'Assign incident to me';&#13;
	grRecord.action_name = 'task_assign_to_me';&#13;
	var strRecordSysId = x_snc_devtools.GlideRecordInsert(grRecord);&#13;
	test.TestCase_InstanceScanCheck(strCheck,'sys_ui_action',strRecordSysId,true);		&#13;
	&#13;
	var grRecord = new GlideRecord('sys_ui_action');&#13;
	grRecord.initialize();&#13;
	grRecord.table = 'incident';&#13;
	grRecord.name = 'Assign incident to me (overrides)';&#13;
	grRecord.action_name = 'task_assign_to_me';&#13;
	grRecord.sys_overrides = '4c1cfa36c611227501e6728036d9723b';&#13;
	var strRecordSysId = x_snc_devtools.GlideRecordInsert(grRecord);&#13;
	test.TestCase_InstanceScanCheck(strCheck,'sys_ui_action',strRecordSysId,false);			&#13;
	&#13;
	return test.GetResult();&#13;
	&#13;
})(outputs, steps, stepResult, assertEqual);</value>
        <variable display_value="Test script">989d9e235324220002c6435723dc3484</variable>
    </sys_variable_value>
    <sys_variable_value action="INSERT_OR_UPDATE">
        <document>sys_atf_step</document>
        <document_key>7861ff3497ac7110a6a07767f053afa7</document_key>
        <order>100</order>
        <sys_class_name>sys_variable_value</sys_class_name>
        <sys_created_by>admin</sys_created_by>
        <sys_created_on>2023-08-07 06:18:05</sys_created_on>
        <sys_id>ce61bf3497ac7110a6a07767f053afe3</sys_id>
        <sys_mod_count>0</sys_mod_count>
        <sys_updated_by>admin</sys_updated_by>
        <sys_updated_on>2023-08-07 06:18:05</sys_updated_on>
        <value>3.1</value>
        <variable display_value="Jasmine version">42f2564b73031300440211d8faf6a777</variable>
    </sys_variable_value>
</record_update>
