<?xml version="1.0" encoding="UTF-8"?><record_update table="sys_atf_step">
    <sys_atf_step action="INSERT_OR_UPDATE">
        <active>true</active>
        <copied_from/>
        <description>Run Server Side Validation Script</description>
        <display_name>Run Server Side Script</display_name>
        <inputs/>
        <mugshots_cache_json/>
        <notes/>
        <order>1</order>
        <step_config display_value="Run Server Side Script">41de4a935332120028bc29cac2dc349a</step_config>
        <sys_class_name>sys_atf_step</sys_class_name>
        <sys_created_by>admin</sys_created_by>
        <sys_created_on>2022-06-10 19:56:54</sys_created_on>
        <sys_id>d2b2d4c5db48d510bcced03cd396190d</sys_id>
        <sys_mod_count>40</sys_mod_count>
        <sys_name>Run Server Side Script</sys_name>
        <sys_package display_value="CodeSanity" source="x_snc_codesanity">8ed42c23dbad0510bcced03cd39619ce</sys_package>
        <sys_policy/>
        <sys_scope display_value="CodeSanity">8ed42c23dbad0510bcced03cd39619ce</sys_scope>
        <sys_update_name>sys_atf_step_d2b2d4c5db48d510bcced03cd396190d</sys_update_name>
        <sys_updated_by>admin</sys_updated_by>
        <sys_updated_on>2024-02-01 19:17:58</sys_updated_on>
        <table/>
        <test display_value="CodeSanity - Script include must contain a class or function">3072d0c5db48d510bcced03cd3961935</test>
        <timeout/>
        <warning_message/>
    </sys_atf_step>
    <sys_variable_value action="delete_multiple" query="document_key=d2b2d4c5db48d510bcced03cd396190d"/>
    <sys_variable_value action="INSERT_OR_UPDATE">
        <document>sys_atf_step</document>
        <document_key>d2b2d4c5db48d510bcced03cd396190d</document_key>
        <order>100</order>
        <sys_class_name>sys_variable_value</sys_class_name>
        <sys_created_by>admin</sys_created_by>
        <sys_created_on>2022-06-10 19:56:54</sys_created_on>
        <sys_id>1054d809db48d510bcced03cd3961990</sys_id>
        <sys_mod_count>0</sys_mod_count>
        <sys_updated_by>admin</sys_updated_by>
        <sys_updated_on>2022-06-10 19:56:54</sys_updated_on>
        <value>3.1</value>
        <variable display_value="Jasmine version">42f2564b73031300440211d8faf6a777</variable>
    </sys_variable_value>
    <sys_variable_value action="INSERT_OR_UPDATE">
        <document>sys_atf_step</document>
        <document_key>d2b2d4c5db48d510bcced03cd396190d</document_key>
        <order>200</order>
        <sys_class_name>sys_variable_value</sys_class_name>
        <sys_created_by>admin</sys_created_by>
        <sys_created_on>2022-06-10 19:56:54</sys_created_on>
        <sys_id>98541c09db48d510bcced03cd3961995</sys_id>
        <sys_mod_count>40</sys_mod_count>
        <sys_updated_by>admin</sys_updated_by>
        <sys_updated_on>2024-02-01 19:17:58</sys_updated_on>
        <value>(function(outputs, steps, stepResult, assertEqual)&#13;
{&#13;
	var test = new x_snc_devtools.TestAPI(outputs, steps, stepResult, assertEqual);&#13;
	&#13;
	test.SetResult(true);&#13;
&#13;
	var strCheck = 'a625743fdb2f0914bcced03cd39619a8';&#13;
	&#13;
	var testdata = new x_snc_devtools.TestDataAPI('_ATF_CODESANITY_');&#13;
&#13;
	var strRecordSysId = testdata.CreateScriptInclude(&#13;
		'global',&#13;
		'Test1',&#13;
		'function _ATF_CODESANITY_Test1()\n'&#13;
		+'{ return true; }');&#13;
	test.TestCase_InstanceScanCheck(strCheck,'sys_script_include',strRecordSysId,false);&#13;
	&#13;
	var strRecordSysId = testdata.CreateScriptInclude(&#13;
		'global',&#13;
		'Test2',&#13;
		'/*\n'&#13;
		+'  *%&amp;(){}[]=.,;:-_ abc ABC 123\n'&#13;
		+'*/\n'&#13;
		+'function _ATF_CODESANITY_Test2()\n'&#13;
		+'{ return true; }');&#13;
	test.TestCase_InstanceScanCheck(strCheck,'sys_script_include',strRecordSysId,false);	&#13;
&#13;
	var strRecordSysId = testdata.CreateScriptInclude(&#13;
		'global',&#13;
		'Test3',&#13;
		'/*\n'&#13;
		+'  *%&amp;(){}[]=.,;:-_ abc ABC 123\n'&#13;
		+'*/\n'&#13;
		+'var _ATF_CODESANITY_Test3 = Class.create();\n'&#13;
		+'\_ATF_CODESANITY_Test3.prototype = {\n'&#13;
		+'\tinitialize: function() {\n'&#13;
		+'\t},\n'&#13;
		+'\ttype: \'_ATF_CODESANITY_Test3\'\n'&#13;
		+'};');&#13;
	test.TestCase_InstanceScanCheck(strCheck,'sys_script_include',strRecordSysId,false);	&#13;
		&#13;
	&#13;
	var strRecordSysId = testdata.CreateScriptInclude(&#13;
		'global',&#13;
		'Test4',&#13;
		'/*\n'&#13;
		+'  *%&amp;(){}[]=.,;:-_ abc ABC 123\n'&#13;
		+'*/\n'&#13;
		+'class _ATF_CODESANITY_Test4 {\n'&#13;
		+'\tinitialize() {\n'&#13;
		+'\t}\n'&#13;
		+'};');&#13;
	test.TestCase_InstanceScanCheck(strCheck,'sys_script_include',strRecordSysId,false);		&#13;
&#13;
	var strRecordSysId = testdata.CreateScriptInclude(&#13;
		'global',&#13;
		'Test5',&#13;
		'// A single line comment\n'&#13;
		+'class _ATF_CODESANITY_Test5 {\n'&#13;
		+'\tinitialize() {\n'&#13;
		+'\t}\n'&#13;
		+'};');&#13;
	test.TestCase_InstanceScanCheck(strCheck,'sys_script_include',strRecordSysId,false);			&#13;
&#13;
	var strRecordSysId = testdata.CreateScriptInclude(&#13;
		'global',&#13;
		'Test6',&#13;
		'/*\n'&#13;
		+' * @tag1 hello\n'&#13;
		+' * @tag2 world\n'		&#13;
		+'*/\n'&#13;
		+'\n'		&#13;
		+'var _ATF_CODESANITY_Test6 = Class.create();\n'&#13;
		+'\t_ATF_CODESANITY_Test6.prototype = {\n'&#13;
		+'\tinitialize: function() {\n'&#13;
		+'\t},\n'&#13;
		+'\ttype: \'_ATF_CODESANITY_Test6\'\n'&#13;
		+'};');&#13;
	test.TestCase_InstanceScanCheck(strCheck,'sys_script_include',strRecordSysId,false);	&#13;
&#13;
	var strRecordSysId = testdata.CreateScriptInclude(&#13;
		'global',&#13;
		'Test10',&#13;
		'');&#13;
	test.TestCase_InstanceScanCheck(strCheck,'sys_script_include',strRecordSysId,true);		&#13;
	&#13;
	var strRecordSysId = testdata.CreateScriptInclude(&#13;
		'global',&#13;
		'Test11',&#13;
		'var globalvalue = 0;\n');&#13;
	test.TestCase_InstanceScanCheck(strCheck,'sys_script_include',strRecordSysId,true);&#13;
	&#13;
	var strRecordSysId = testdata.CreateScriptInclude(&#13;
		'global',&#13;
		'Test12',&#13;
		'/* This is a test*/\n'&#13;
		+'var globalvalue = 0;\n');&#13;
	test.TestCase_InstanceScanCheck(strCheck,'sys_script_include',strRecordSysId,true);	&#13;
	&#13;
	var strRecordSysId = testdata.CreateScriptInclude(&#13;
		'global',&#13;
		'Test13',&#13;
		'// This is a test\n'&#13;
		+'var globalvalue = 0;\n');&#13;
	test.TestCase_InstanceScanCheck(strCheck,'sys_script_include',strRecordSysId,true);	&#13;
&#13;
	return test.GetResult();&#13;
	&#13;
})(outputs, steps, stepResult, assertEqual);</value>
        <variable display_value="Test script">989d9e235324220002c6435723dc3484</variable>
    </sys_variable_value>
</record_update>
