<?xml version="1.0" encoding="UTF-8"?><record_update table="sys_scope_privilege">
    <sys_scope_privilege action="INSERT_OR_UPDATE">
        <operation>execute</operation>
        <source_scope display_value="CodeSanity">8ed42c23dbad0510bcced03cd39619ce</source_scope>
        <status>allowed</status>
        <sys_class_name>sys_scope_privilege</sys_class_name>
        <sys_created_by>admin</sys_created_by>
        <sys_created_on>2022-03-10 10:44:57</sys_created_on>
        <sys_id>02b3a857db8a8510bcced03cd3961979</sys_id>
        <sys_mod_count>0</sys_mod_count>
        <sys_name>InstanceScanEngine</sys_name>
        <sys_package display_value="CodeSanity" source="x_snc_codesanity">8ed42c23dbad0510bcced03cd39619ce</sys_package>
        <sys_policy/>
        <sys_scope display_value="CodeSanity">8ed42c23dbad0510bcced03cd39619ce</sys_scope>
        <sys_update_name>sys_scope_privilege_02b3a857db8a8510bcced03cd3961979</sys_update_name>
        <sys_updated_by>admin</sys_updated_by>
        <sys_updated_on>2022-03-10 10:44:57</sys_updated_on>
        <target_name>InstanceScanEngine</target_name>
        <target_scope display_value="Global">global</target_scope>
        <target_type>scriptable</target_type>
    </sys_scope_privilege>
</record_update>
