<?xml version="1.0" encoding="UTF-8"?><record_update table="sys_atf_step">
    <sys_atf_step action="INSERT_OR_UPDATE">
        <active>true</active>
        <copied_from/>
        <description>Run Server Side Validation Script</description>
        <display_name>Run Server Side Script</display_name>
        <inputs/>
        <mugshots_cache_json/>
        <notes/>
        <order>1</order>
        <step_config display_value="Run Server Side Script">41de4a935332120028bc29cac2dc349a</step_config>
        <sys_class_name>sys_atf_step</sys_class_name>
        <sys_created_by>admin</sys_created_by>
        <sys_created_on>2023-04-14 11:56:19</sys_created_on>
        <sys_id>c2ff20881b12e910cd6153d16b4bcba6</sys_id>
        <sys_mod_count>6</sys_mod_count>
        <sys_name>Run Server Side Script</sys_name>
        <sys_package display_value="CodeSanity" source="x_snc_codesanity">8ed42c23dbad0510bcced03cd39619ce</sys_package>
        <sys_policy/>
        <sys_scope display_value="CodeSanity">8ed42c23dbad0510bcced03cd39619ce</sys_scope>
        <sys_update_name>sys_atf_step_c2ff20881b12e910cd6153d16b4bcba6</sys_update_name>
        <sys_updated_by>admin</sys_updated_by>
        <sys_updated_on>2023-04-14 12:06:42</sys_updated_on>
        <table/>
        <test display_value="CodeSanity - Complex scripts in the right place">73dfac481b12e910cd6153d16b4bcb69</test>
        <timeout/>
        <warning_message/>
    </sys_atf_step>
    <sys_variable_value action="delete_multiple" query="document_key=c2ff20881b12e910cd6153d16b4bcba6"/>
    <sys_variable_value action="INSERT_OR_UPDATE">
        <document>sys_atf_step</document>
        <document_key>c2ff20881b12e910cd6153d16b4bcba6</document_key>
        <order>200</order>
        <sys_class_name>sys_variable_value</sys_class_name>
        <sys_created_by>admin</sys_created_by>
        <sys_created_on>2023-04-14 11:56:19</sys_created_on>
        <sys_id>d3ff20881b12e910cd6153d16b4bcbf0</sys_id>
        <sys_mod_count>6</sys_mod_count>
        <sys_updated_by>admin</sys_updated_by>
        <sys_updated_on>2023-04-14 12:06:42</sys_updated_on>
        <value>(function(outputs, steps, stepResult, assertEqual)&#13;
{&#13;
	var test = new x_snc_devtools.TestAPI(outputs, steps, stepResult, assertEqual);&#13;
	&#13;
	test.SetResult(true);&#13;
&#13;
	var strCheck = '5cd56c001b12e910cd6153d16b4bcbf4';&#13;
	&#13;
	var testdata = new x_snc_devtools.TestDataAPI('_ATF_CODESANITY_');&#13;
&#13;
	var strShortScript = '';&#13;
	var strLongScript = '';&#13;
	var nLine = 1;&#13;
	while (nLine &lt;= 100)&#13;
	{&#13;
		if (nLine &lt;= 10)&#13;
		{&#13;
			strShortScript += '\tvar nLine = '+nLine+';\n';&#13;
		}&#13;
		strLongScript += '\tvar nLine = '+nLine+';\n';&#13;
		nLine++;&#13;
	}&#13;
	&#13;
	&#13;
	var strRecordSysId = testdata.CreateScriptInclude(&#13;
		'global',&#13;
		'Test1',&#13;
		'function _ATF_CODESANITY_Test1()\n'&#13;
		+'{'&#13;
		+strShortScript&#13;
		+'}');&#13;
	test.TestCase_InstanceScanCheck(strCheck,'sys_script_include',strRecordSysId,false);&#13;
	&#13;
	var strRecordSysId = testdata.CreateScriptInclude(&#13;
		'global',&#13;
		'Test2',&#13;
		'function _ATF_CODESANITY_Test2()\n'&#13;
		+'{'&#13;
		+strLongScript&#13;
		+'}');&#13;
	test.TestCase_InstanceScanCheck(strCheck,'sys_script_include',strRecordSysId,false);&#13;
	&#13;
	&#13;
	var grBR = new GlideRecord('sys_script');&#13;
	grBR.sys_scope = 'global';&#13;
	grBR.script =&#13;
		'(function executeRule(current, previous /*null when async*/) {\n'&#13;
		+strShortScript&#13;
		+'})(current, previous);';&#13;
	var strRecordSysId = x_snc_devtools.GlideRecordInsert(grBR);&#13;
	test.TestCase_InstanceScanCheck(strCheck,'sys_script',strRecordSysId,false);&#13;
	&#13;
	&#13;
	var grBR = new GlideRecord('sys_script');&#13;
	grBR.sys_scope = 'global';&#13;
	grBR.script =&#13;
		'(function executeRule(current, previous /*null when async*/) {\n'&#13;
		+strLongScript&#13;
		+'})(current, previous);';&#13;
	var strRecordSysId = x_snc_devtools.GlideRecordInsert(grBR);&#13;
	test.TestCase_InstanceScanCheck(strCheck,'sys_script',strRecordSysId,true);	&#13;
	&#13;
	return test.GetResult();&#13;
	&#13;
})(outputs, steps, stepResult, assertEqual);</value>
        <variable display_value="Test script">989d9e235324220002c6435723dc3484</variable>
    </sys_variable_value>
    <sys_variable_value action="INSERT_OR_UPDATE">
        <document>sys_atf_step</document>
        <document_key>c2ff20881b12e910cd6153d16b4bcba6</document_key>
        <order>100</order>
        <sys_class_name>sys_variable_value</sys_class_name>
        <sys_created_by>admin</sys_created_by>
        <sys_created_on>2023-04-14 11:56:19</sys_created_on>
        <sys_id>dbff20881b12e910cd6153d16b4bcbef</sys_id>
        <sys_mod_count>0</sys_mod_count>
        <sys_updated_by>admin</sys_updated_by>
        <sys_updated_on>2023-04-14 11:56:19</sys_updated_on>
        <value>3.1</value>
        <variable display_value="Jasmine version">42f2564b73031300440211d8faf6a777</variable>
    </sys_variable_value>
</record_update>
