<?xml version="1.0" encoding="UTF-8"?><record_update table="sys_atf_step">
    <sys_atf_step action="INSERT_OR_UPDATE">
        <active>true</active>
        <copied_from/>
        <description>Performs sanity checks on the scoped app: Code Sanity
</description>
        <display_name>DevTools - Check scoped app sanity</display_name>
        <inputs/>
        <mugshots_cache_json/>
        <notes/>
        <order>1</order>
        <step_config display_value="DevTools - Check scoped app sanity">786a921f1b6c2090a89720a8ec4bcbc9</step_config>
        <sys_class_name>sys_atf_step</sys_class_name>
        <sys_created_by>admin</sys_created_by>
        <sys_created_on>2022-03-10 09:58:57</sys_created_on>
        <sys_id>2e29d057db4a8510bcced03cd39619a3</sys_id>
        <sys_mod_count>0</sys_mod_count>
        <sys_name>DevTools - Check scoped app sanity</sys_name>
        <sys_package display_value="CodeSanity" source="x_snc_codesanity">8ed42c23dbad0510bcced03cd39619ce</sys_package>
        <sys_policy/>
        <sys_scope display_value="CodeSanity">8ed42c23dbad0510bcced03cd39619ce</sys_scope>
        <sys_update_name>sys_atf_step_2e29d057db4a8510bcced03cd39619a3</sys_update_name>
        <sys_updated_by>admin</sys_updated_by>
        <sys_updated_on>2022-03-10 09:58:57</sys_updated_on>
        <table/>
        <test display_value="CodeSanity - Implementation">746758d3db4a8510bcced03cd396193b</test>
        <timeout/>
        <warning_message/>
    </sys_atf_step>
    <sys_variable_value action="delete_multiple" query="document_key=2e29d057db4a8510bcced03cd39619a3"/>
    <sys_variable_value action="INSERT_OR_UPDATE">
        <document>sys_atf_step</document>
        <document_key>2e29d057db4a8510bcced03cd39619a3</document_key>
        <order>100</order>
        <sys_class_name>sys_variable_value</sys_class_name>
        <sys_created_by>admin</sys_created_by>
        <sys_created_on>2022-03-10 09:58:57</sys_created_on>
        <sys_id>4439d057db4a8510bcced03cd396199d</sys_id>
        <sys_mod_count>0</sys_mod_count>
        <sys_updated_by>admin</sys_updated_by>
        <sys_updated_on>2022-03-10 09:58:57</sys_updated_on>
        <value>8ed42c23dbad0510bcced03cd39619ce</value>
        <variable display_value="">8a0aaa9f1bac2090a89720a8ec4bcbc8</variable>
    </sys_variable_value>
</record_update>
