<?xml version="1.0" encoding="UTF-8"?><record_update table="sys_atf_step">
    <sys_atf_step action="INSERT_OR_UPDATE">
        <active>true</active>
        <copied_from/>
        <description>Run Server Side Validation Script</description>
        <display_name>Run Server Side Script</display_name>
        <inputs/>
        <mugshots_cache_json/>
        <notes/>
        <order>1</order>
        <step_config display_value="Run Server Side Script">41de4a935332120028bc29cac2dc349a</step_config>
        <sys_class_name>sys_atf_step</sys_class_name>
        <sys_created_by>admin</sys_created_by>
        <sys_created_on>2024-09-12 12:28:17</sys_created_on>
        <sys_id>e84517da8320d61000d5ccc0deaad374</sys_id>
        <sys_mod_count>4</sys_mod_count>
        <sys_name>Run Server Side Script</sys_name>
        <sys_package display_value="CodeSanity" source="x_snc_codesanity">8ed42c23dbad0510bcced03cd39619ce</sys_package>
        <sys_policy/>
        <sys_scope display_value="CodeSanity">8ed42c23dbad0510bcced03cd39619ce</sys_scope>
        <sys_update_name>sys_atf_step_e84517da8320d61000d5ccc0deaad374</sys_update_name>
        <sys_updated_by>admin</sys_updated_by>
        <sys_updated_on>2024-09-12 12:33:35</sys_updated_on>
        <table/>
        <test display_value="CodeSanity - Persona role in Business Rule">0a3593da8320d61000d5ccc0deaad3f9</test>
        <timeout/>
        <warning_message/>
    </sys_atf_step>
    <sys_variable_value action="delete_multiple" query="document_key=e84517da8320d61000d5ccc0deaad374"/>
    <sys_variable_value action="INSERT_OR_UPDATE">
        <document>sys_atf_step</document>
        <document_key>e84517da8320d61000d5ccc0deaad374</document_key>
        <order>100</order>
        <sys_class_name>sys_variable_value</sys_class_name>
        <sys_created_by>admin</sys_created_by>
        <sys_created_on>2024-09-12 12:28:17</sys_created_on>
        <sys_id>684517da8320d61000d5ccc0deaad376</sys_id>
        <sys_mod_count>0</sys_mod_count>
        <sys_updated_by>admin</sys_updated_by>
        <sys_updated_on>2024-09-12 12:28:17</sys_updated_on>
        <value>3.1</value>
        <variable display_value="Jasmine version">42f2564b73031300440211d8faf6a777</variable>
    </sys_variable_value>
    <sys_variable_value action="INSERT_OR_UPDATE">
        <document>sys_atf_step</document>
        <document_key>e84517da8320d61000d5ccc0deaad374</document_key>
        <order>200</order>
        <sys_class_name>sys_variable_value</sys_class_name>
        <sys_created_by>admin</sys_created_by>
        <sys_created_on>2024-09-12 12:28:17</sys_created_on>
        <sys_id>a04517da8320d61000d5ccc0deaad377</sys_id>
        <sys_mod_count>4</sys_mod_count>
        <sys_updated_by>admin</sys_updated_by>
        <sys_updated_on>2024-09-12 12:33:35</sys_updated_on>
        <value>(function(outputs, steps, stepResult, assertEqual) {&#13;
    var test = new x_snc_devtools.TestAPI(outputs, steps, stepResult, assertEqual);&#13;
&#13;
    test.SetResult(true);&#13;
&#13;
    var strCheck = '8144139a8320d61000d5ccc0deaad3ef';&#13;
&#13;
	var grApp = new GlideRecord('sys_app');&#13;
	grApp.initialize();&#13;
	grApp.name = 'Test';&#13;
	grApp.scope = 'test';&#13;
	var strAppSysId = x_snc_devtools.GlideRecordInsert(grApp);&#13;
&#13;
	var grRole = new GlideRecord('sys_user_role');&#13;
	grRole.initialize();&#13;
	grRole.sys_scope = strAppSysId;&#13;
	grRole.name = 'test.persona_test';&#13;
	var strRolePersonaSysId = x_snc_devtools.GlideRecordInsert(grRole);&#13;
&#13;
	var grBR = new GlideRecord('sys_script');&#13;
	grBR.initialize();&#13;
	grBR.sys_scope = strAppSysId;&#13;
	grBR.name = 'Test';&#13;
	var strBrSysId = x_snc_devtools.GlideRecordInsert(grBR);&#13;
&#13;
	test.TestCase_InstanceScanCheck(strCheck, 'sys_script', strBrSysId, false);&#13;
&#13;
	x_snc_devtools.RecordSetValue('sys_script', strBrSysId, 'role_conditions', 'itil');&#13;
	test.TestCase_InstanceScanCheck(strCheck, 'sys_script', strBrSysId, false);&#13;
&#13;
	x_snc_devtools.RecordSetValue('sys_script', strBrSysId, 'role_conditions', 'test.persona_test');&#13;
	test.TestCase_InstanceScanCheck(strCheck, 'sys_script', strBrSysId, true);&#13;
&#13;
	x_snc_devtools.RecordSetValue('sys_script', strBrSysId, 'role_conditions', 'itil,test.persona_test');&#13;
	test.TestCase_InstanceScanCheck(strCheck, 'sys_script', strBrSysId, true);&#13;
&#13;
&#13;
    return test.GetResult();&#13;
&#13;
})(outputs, steps, stepResult, assertEqual);</value>
        <variable display_value="Test script">989d9e235324220002c6435723dc3484</variable>
    </sys_variable_value>
</record_update>
