<?xml version="1.0" encoding="UTF-8"?><record_update sys_domain="global" table="sys_app_module">
    <sys_app_module action="INSERT_OR_UPDATE">
        <active>true</active>
        <application display_value="CodeSanity">b86758d3db4a8510bcced03cd396195c</application>
        <assessment/>
        <device_type/>
        <filter table="syslog_app_scope">sys_created_onONLast 30 minutes@javascript:gs.beginningOfLast30Minutes()@javascript:gs.endOfLast30Minutes()^sys_scope=8ed42c23dbad0510bcced03cd39619ce^EQ<item endquery="false" field="sys_created_on" goto="false" newquery="false" operator="ON" or="false" value="Last 30 minutes@javascript:gs.beginningOfLast30Minutes()@javascript:gs.endOfLast30Minutes()"/>
            <item display_table="sys_scope" display_value="CodeSanity" endquery="false" field="sys_scope" goto="false" newquery="false" operator="=" or="false" value="8ed42c23dbad0510bcced03cd39619ce"/>
            <item endquery="true" field="" goto="false" newquery="false" operator="=" or="false" value=""/>
        </filter>
        <hint/>
        <homepage/>
        <image/>
        <link_type>LIST</link_type>
        <map_page/>
        <mobile_title>Log</mobile_title>
        <mobile_view_name>Mobile</mobile_view_name>
        <name>syslog_app_scope</name>
        <order>1120</order>
        <override_menu_roles>false</override_menu_roles>
        <query>&amp;sysparm_view_forced=true&amp;sysparm_order=sequence&amp;sysparm_order_direction=desc</query>
        <report/>
        <require_confirmation>false</require_confirmation>
        <roles>x_snc_codesanity.admin</roles>
        <sys_class_name>sys_app_module</sys_class_name>
        <sys_created_by>admin</sys_created_by>
        <sys_created_on>2022-03-10 09:51:05</sys_created_on>
        <sys_domain>global</sys_domain>
        <sys_domain_path>/</sys_domain_path>
        <sys_id>f06758d3db4a8510bcced03cd3961979</sys_id>
        <sys_mod_count>4</sys_mod_count>
        <sys_name>Log</sys_name>
        <sys_overrides/>
        <sys_package display_value="CodeSanity" source="x_snc_codesanity">8ed42c23dbad0510bcced03cd39619ce</sys_package>
        <sys_policy/>
        <sys_scope display_value="CodeSanity">8ed42c23dbad0510bcced03cd39619ce</sys_scope>
        <sys_update_name>sys_app_module_f06758d3db4a8510bcced03cd3961979</sys_update_name>
        <sys_updated_by>admin</sys_updated_by>
        <sys_updated_on>2023-11-14 12:17:36</sys_updated_on>
        <timeline_page/>
        <title>Log</title>
        <uncancelable>false</uncancelable>
        <view_name/>
        <window_name/>
    </sys_app_module>
</record_update>
