<?xml version="1.0" encoding="UTF-8"?><record_update table="sys_atf_step">
    <sys_atf_step action="INSERT_OR_UPDATE">
        <active>true</active>
        <copied_from/>
        <description>Run Server Side Validation Script</description>
        <display_name>Run Server Side Script</display_name>
        <inputs/>
        <mugshots_cache_json/>
        <notes/>
        <order>1</order>
        <step_config display_value="Run Server Side Script">41de4a935332120028bc29cac2dc349a</step_config>
        <sys_class_name>sys_atf_step</sys_class_name>
        <sys_created_by>admin</sys_created_by>
        <sys_created_on>2024-11-29 12:40:20</sys_created_on>
        <sys_id>6d04c1ab83c6de1000d5ccc0deaad3a8</sys_id>
        <sys_mod_count>3</sys_mod_count>
        <sys_name>Run Server Side Script</sys_name>
        <sys_package display_value="CodeSanity" source="x_snc_codesanity">8ed42c23dbad0510bcced03cd39619ce</sys_package>
        <sys_policy/>
        <sys_scope display_value="CodeSanity">8ed42c23dbad0510bcced03cd39619ce</sys_scope>
        <sys_update_name>sys_atf_step_6d04c1ab83c6de1000d5ccc0deaad3a8</sys_update_name>
        <sys_updated_by>admin</sys_updated_by>
        <sys_updated_on>2024-11-29 12:48:35</sys_updated_on>
        <table/>
        <test display_value="CodeSanity - Client callable Script Includes">07f381ab83c6de1000d5ccc0deaad347</test>
        <timeout/>
        <warning_message/>
    </sys_atf_step>
    <sys_variable_value action="delete_multiple" query="document_key=6d04c1ab83c6de1000d5ccc0deaad3a8"/>
    <sys_variable_value action="INSERT_OR_UPDATE">
        <document>sys_atf_step</document>
        <document_key>6d04c1ab83c6de1000d5ccc0deaad3a8</document_key>
        <order>200</order>
        <sys_class_name>sys_variable_value</sys_class_name>
        <sys_created_by>admin</sys_created_by>
        <sys_created_on>2024-11-29 12:40:20</sys_created_on>
        <sys_id>2504c1ab83c6de1000d5ccc0deaad3ab</sys_id>
        <sys_mod_count>3</sys_mod_count>
        <sys_updated_by>admin</sys_updated_by>
        <sys_updated_on>2024-11-29 12:48:35</sys_updated_on>
        <value>(function(outputs, steps, stepResult, assertEqual)&#13;
{&#13;
	var test = new x_snc_devtools.TestAPI(outputs, steps, stepResult, assertEqual);&#13;
	&#13;
	test.SetResult(true);&#13;
&#13;
	var strCheck = 'b2f24d2b83c6de1000d5ccc0deaad31a';&#13;
	&#13;
	var grSI = new GlideRecord('sys_script_include');&#13;
	grSI.initialize();&#13;
	grSI.name = 'Test1';&#13;
	grSI.script = 'Test1.prototype = Object.extendsObject(global.AbstractAjaxProcessor,\n'&#13;
		+'{\n'&#13;
		+'}\n'&#13;
		;&#13;
	var strRecordSysId = x_snc_devtools.GlideRecordInsert(grSI);&#13;
	test.TestCase_InstanceScanCheck(strCheck,'sys_script_include',strRecordSysId,false);&#13;
&#13;
	var grSI = new GlideRecord('sys_script_include');&#13;
	grSI.initialize();&#13;
	grSI.name = 'Test1';&#13;
	grSI.client_callable = true;&#13;
	grSI.script = 'Test1.prototype = Object.extendsObject(global.AbstractAjaxProcessor,\n'&#13;
		+'{\n'&#13;
		+'}\n'&#13;
		;&#13;
	var strRecordSysId = x_snc_devtools.GlideRecordInsert(grSI);&#13;
	test.TestCase_InstanceScanCheck(strCheck,'sys_script_include',strRecordSysId,true);	&#13;
&#13;
	var grSI = new GlideRecord('sys_script_include');&#13;
	grSI.initialize();&#13;
	grSI.name = 'Test1ClientAPI';&#13;
	grSI.client_callable = true;&#13;
	grSI.script = 'Test1ClientAPI.prototype = Object.extendsObject(global.AbstractAjaxProcessor,\n'&#13;
		+'{\n'&#13;
		+'}\n'&#13;
		;&#13;
	var strRecordSysId = x_snc_devtools.GlideRecordInsert(grSI);&#13;
	test.TestCase_InstanceScanCheck(strCheck,'sys_script_include',strRecordSysId,false);		&#13;
&#13;
	&#13;
&#13;
	&#13;
	return test.GetResult();&#13;
	&#13;
})(outputs, steps, stepResult, assertEqual);</value>
        <variable display_value="Test script">989d9e235324220002c6435723dc3484</variable>
    </sys_variable_value>
    <sys_variable_value action="INSERT_OR_UPDATE">
        <document>sys_atf_step</document>
        <document_key>6d04c1ab83c6de1000d5ccc0deaad3a8</document_key>
        <order>100</order>
        <sys_class_name>sys_variable_value</sys_class_name>
        <sys_created_by>admin</sys_created_by>
        <sys_created_on>2024-11-29 12:40:20</sys_created_on>
        <sys_id>2d04c1ab83c6de1000d5ccc0deaad3aa</sys_id>
        <sys_mod_count>0</sys_mod_count>
        <sys_updated_by>admin</sys_updated_by>
        <sys_updated_on>2024-11-29 12:40:20</sys_updated_on>
        <value>3.1</value>
        <variable display_value="Jasmine version">42f2564b73031300440211d8faf6a777</variable>
    </sys_variable_value>
</record_update>
