<?xml version="1.0" encoding="UTF-8"?><record_update table="sys_scope_privilege">
    <sys_scope_privilege action="INSERT_OR_UPDATE">
        <operation>read</operation>
        <source_scope display_value="CodeSanity">8ed42c23dbad0510bcced03cd39619ce</source_scope>
        <status>allowed</status>
        <sys_class_name>sys_scope_privilege</sys_class_name>
        <sys_created_by>devtools.technicaluser.instancescan</sys_created_by>
        <sys_created_on>2023-02-01 19:10:16</sys_created_on>
        <sys_id>35d06f381bb4e1105b76777d8b4bcb0a</sys_id>
        <sys_mod_count>0</sys_mod_count>
        <sys_name>sys_script_include</sys_name>
        <sys_package display_value="CodeSanity" source="x_snc_codesanity">8ed42c23dbad0510bcced03cd39619ce</sys_package>
        <sys_policy/>
        <sys_scope display_value="CodeSanity">8ed42c23dbad0510bcced03cd39619ce</sys_scope>
        <sys_update_name>sys_scope_privilege_35d06f381bb4e1105b76777d8b4bcb0a</sys_update_name>
        <sys_updated_by>devtools.technicaluser.instancescan</sys_updated_by>
        <sys_updated_on>2023-02-01 19:10:16</sys_updated_on>
        <target_name>sys_script_include</target_name>
        <target_scope display_value="Global">global</target_scope>
        <target_type>sys_db_object</target_type>
    </sys_scope_privilege>
</record_update>
