<?xml version="1.0" encoding="UTF-8"?><record_update table="sys_atf_step">
    <sys_atf_step action="INSERT_OR_UPDATE">
        <active>true</active>
        <copied_from/>
        <description>Run Server Side Validation Script</description>
        <display_name>Run Server Side Script</display_name>
        <inputs/>
        <mugshots_cache_json/>
        <notes/>
        <order>1</order>
        <step_config display_value="Run Server Side Script">41de4a935332120028bc29cac2dc349a</step_config>
        <sys_class_name>sys_atf_step</sys_class_name>
        <sys_created_by>admin</sys_created_by>
        <sys_created_on>2023-02-20 08:14:06</sys_created_on>
        <sys_id>86d04f3a1b0521105b76777d8b4bcbaa</sys_id>
        <sys_mod_count>5</sys_mod_count>
        <sys_name>Run Server Side Script</sys_name>
        <sys_package display_value="CodeSanity" source="x_snc_codesanity">8ed42c23dbad0510bcced03cd39619ce</sys_package>
        <sys_policy/>
        <sys_scope display_value="CodeSanity">8ed42c23dbad0510bcced03cd39619ce</sys_scope>
        <sys_update_name>sys_atf_step_86d04f3a1b0521105b76777d8b4bcbaa</sys_update_name>
        <sys_updated_by>admin</sys_updated_by>
        <sys_updated_on>2023-02-20 08:22:29</sys_updated_on>
        <table/>
        <test display_value="CodeSanity - ScanAppWithDependencies">8ec0cb3a1b0521105b76777d8b4bcb02</test>
        <timeout/>
        <warning_message/>
    </sys_atf_step>
    <sys_variable_value action="delete_multiple" query="document_key=86d04f3a1b0521105b76777d8b4bcbaa"/>
    <sys_variable_value action="INSERT_OR_UPDATE">
        <document>sys_atf_step</document>
        <document_key>86d04f3a1b0521105b76777d8b4bcbaa</document_key>
        <order>100</order>
        <sys_class_name>sys_variable_value</sys_class_name>
        <sys_created_by>admin</sys_created_by>
        <sys_created_on>2023-02-20 08:14:06</sys_created_on>
        <sys_id>6bd04f3a1b0521105b76777d8b4bcb80</sys_id>
        <sys_mod_count>0</sys_mod_count>
        <sys_updated_by>admin</sys_updated_by>
        <sys_updated_on>2023-02-20 08:14:06</sys_updated_on>
        <value>3.1</value>
        <variable display_value="Jasmine version">42f2564b73031300440211d8faf6a777</variable>
    </sys_variable_value>
    <sys_variable_value action="INSERT_OR_UPDATE">
        <document>sys_atf_step</document>
        <document_key>86d04f3a1b0521105b76777d8b4bcbaa</document_key>
        <order>200</order>
        <sys_class_name>sys_variable_value</sys_class_name>
        <sys_created_by>admin</sys_created_by>
        <sys_created_on>2023-02-20 08:14:06</sys_created_on>
        <sys_id>a3d04f3a1b0521105b76777d8b4bcb81</sys_id>
        <sys_mod_count>5</sys_mod_count>
        <sys_updated_by>admin</sys_updated_by>
        <sys_updated_on>2023-02-20 08:22:29</sys_updated_on>
        <value>(function(outputs, steps, stepResult, assertEqual)&#13;
{&#13;
	var test = new x_snc_devtools.TestAPI(outputs, steps, stepResult, assertEqual);&#13;
	&#13;
	test.SetResult(true);&#13;
&#13;
&#13;
	&#13;
	var grApp1 = new GlideRecord('sys_app');&#13;
	grApp1.initialize();&#13;
	grApp1.name = '_TEST_App1';&#13;
	grApp1.version = '1.0.0';&#13;
	grApp1.scope = 'x_snc_testapp1';&#13;
	var strApp1SysId = x_snc_devtools.GlideRecordInsert(grApp1);&#13;
&#13;
	var grApp2 = new GlideRecord('sys_app');&#13;
	grApp2.initialize();&#13;
	grApp2.name = '_TEST_App2';&#13;
	grApp2.version = '1.0.0';&#13;
	grApp2.scope = 'x_snc_testapp2';&#13;
	var strApp2SysId = x_snc_devtools.GlideRecordInsert(grApp2);&#13;
	&#13;
	var grDependency = new GlideRecord('x_snc_devtools_dependency');&#13;
	grDependency.initialize();&#13;
	grDependency.sys_scope = strApp1SysId;&#13;
	grDependency.dependency = strApp2SysId;&#13;
	grDependency.name = 'App2';&#13;
	grDependency.versions = '1.0.0';&#13;
	x_snc_devtools.GlideRecordInsert(grDependency);		&#13;
		&#13;
	var grPackageServicePortal = new GlideRecord('sys_plugins');&#13;
	grPackageServicePortal.addQuery('name','=','Service Portal - Core');&#13;
	grPackageServicePortal.query();&#13;
	grPackageServicePortal.next();&#13;
		&#13;
	var grDependency = new GlideRecord('x_snc_devtools_dependency');&#13;
	grDependency.initialize();&#13;
	grDependency.sys_scope = strApp1SysId;&#13;
	grDependency.dependency = grPackageServicePortal.sys_id;&#13;
	grDependency.name = 'Service Portal - Core';&#13;
	grDependency.versions = '1.0.0';&#13;
	x_snc_devtools.GlideRecordInsert(grDependency);		&#13;
	&#13;
&#13;
	&#13;
&#13;
	function TestCase_ScanAppWithDependencies(strAppSysId, vExpected)&#13;
	{&#13;
		function TestCase_ScanAppWithDependencies_CheckResult(vInput,vExpected,vResult)&#13;
		{&#13;
			if (vExpected == false)&#13;
			{&#13;
				return (vResult == false);&#13;
			}&#13;
			var aKeys = x_snc_devtools.GetKeys(vResult);&#13;
			return (aKeys.length == vExpected);&#13;
		}	&#13;
		&#13;
		test.TestCase(&#13;
			'Function ScanAppWithDependencies()',&#13;
			ScanAppWithDependencies,&#13;
			{&#13;
				'AppSysId':   strAppSysId,&#13;
				'Detailed':   false&#13;
			},&#13;
			vExpected,&#13;
			TestCase_ScanAppWithDependencies_CheckResult);&#13;
	}&#13;
&#13;
	TestCase_ScanAppWithDependencies(null,false);&#13;
	TestCase_ScanAppWithDependencies('12345678901234567890123456789012',false);&#13;
&#13;
&#13;
	test.Log(x_snc_devtools.RenderValue(x_snc_devtools.GetPackageDependencyTree(strApp1SysId)));&#13;
	TestCase_ScanAppWithDependencies(strApp1SysId,2);	&#13;
	&#13;
	&#13;
	return test.GetResult();&#13;
	&#13;
})(outputs, steps, stepResult, assertEqual);</value>
        <variable display_value="Test script">989d9e235324220002c6435723dc3484</variable>
    </sys_variable_value>
</record_update>
