<?xml version="1.0" encoding="UTF-8"?><record_update sys_domain="global" table="sys_app_module">
    <sys_app_module action="INSERT_OR_UPDATE">
        <active>true</active>
        <application display_value="CodeSanity">b86758d3db4a8510bcced03cd396195c</application>
        <assessment/>
        <device_type/>
        <filter/>
        <hint/>
        <homepage/>
        <image/>
        <link_type>DIRECT</link_type>
        <map_page/>
        <mobile_title>Coding Guideline</mobile_title>
        <mobile_view_name>Mobile</mobile_view_name>
        <name/>
        <order>50</order>
        <override_menu_roles>false</override_menu_roles>
        <query>/x_snc_codesanity_coding_guideline.do</query>
        <report/>
        <require_confirmation>false</require_confirmation>
        <roles/>
        <sys_class_name>sys_app_module</sys_class_name>
        <sys_created_by>admin</sys_created_by>
        <sys_created_on>2022-12-06 15:27:45</sys_created_on>
        <sys_domain>global</sys_domain>
        <sys_domain_path>/</sys_domain_path>
        <sys_id>e43b0da6dbafd9106a03dad1f39619e4</sys_id>
        <sys_mod_count>0</sys_mod_count>
        <sys_name>Coding Guideline</sys_name>
        <sys_overrides/>
        <sys_package display_value="CodeSanity" source="x_snc_codesanity">8ed42c23dbad0510bcced03cd39619ce</sys_package>
        <sys_policy/>
        <sys_scope display_value="CodeSanity">8ed42c23dbad0510bcced03cd39619ce</sys_scope>
        <sys_update_name>sys_app_module_e43b0da6dbafd9106a03dad1f39619e4</sys_update_name>
        <sys_updated_by>admin</sys_updated_by>
        <sys_updated_on>2022-12-06 15:27:45</sys_updated_on>
        <timeline_page/>
        <title>Coding Guideline</title>
        <uncancelable>false</uncancelable>
        <view_name/>
        <window_name/>
    </sys_app_module>
</record_update>
