<?xml version="1.0" encoding="UTF-8"?><record_update table="sys_atf_step">
    <sys_atf_step action="INSERT_OR_UPDATE">
        <active>true</active>
        <copied_from/>
        <description>Run Server Side Validation Script</description>
        <display_name>Run Server Side Script</display_name>
        <inputs/>
        <mugshots_cache_json/>
        <notes/>
        <order>1</order>
        <step_config display_value="Run Server Side Script">41de4a935332120028bc29cac2dc349a</step_config>
        <sys_class_name>sys_atf_step</sys_class_name>
        <sys_created_by>admin</sys_created_by>
        <sys_created_on>2024-07-25 13:52:04</sys_created_on>
        <sys_id>20829ba6db634290f0f1d03cd3961921</sys_id>
        <sys_mod_count>4</sys_mod_count>
        <sys_name>Run Server Side Script</sys_name>
        <sys_package display_value="CodeSanity" source="x_snc_codesanity">8ed42c23dbad0510bcced03cd39619ce</sys_package>
        <sys_policy/>
        <sys_scope display_value="CodeSanity">8ed42c23dbad0510bcced03cd39619ce</sys_scope>
        <sys_update_name>sys_atf_step_20829ba6db634290f0f1d03cd3961921</sys_update_name>
        <sys_updated_by>admin</sys_updated_by>
        <sys_updated_on>2024-07-25 14:20:27</sys_updated_on>
        <table/>
        <test display_value="CodeSanity - Persona role dependencies">e662d7a6db634290f0f1d03cd39619e9</test>
        <timeout/>
        <warning_message/>
    </sys_atf_step>
    <sys_variable_value action="delete_multiple" query="document_key=20829ba6db634290f0f1d03cd3961921"/>
    <sys_variable_value action="INSERT_OR_UPDATE">
        <document>sys_atf_step</document>
        <document_key>20829ba6db634290f0f1d03cd3961921</document_key>
        <order>100</order>
        <sys_class_name>sys_variable_value</sys_class_name>
        <sys_created_by>admin</sys_created_by>
        <sys_created_on>2024-07-25 13:52:04</sys_created_on>
        <sys_id>31825ba6db634290f0f1d03cd39619aa</sys_id>
        <sys_mod_count>0</sys_mod_count>
        <sys_updated_by>admin</sys_updated_by>
        <sys_updated_on>2024-07-25 13:52:04</sys_updated_on>
        <value>3.1</value>
        <variable display_value="Jasmine version">42f2564b73031300440211d8faf6a777</variable>
    </sys_variable_value>
    <sys_variable_value action="INSERT_OR_UPDATE">
        <document>sys_atf_step</document>
        <document_key>20829ba6db634290f0f1d03cd3961921</document_key>
        <order>200</order>
        <sys_class_name>sys_variable_value</sys_class_name>
        <sys_created_by>admin</sys_created_by>
        <sys_created_on>2024-07-25 13:52:04</sys_created_on>
        <sys_id>39825ba6db634290f0f1d03cd39619aa</sys_id>
        <sys_mod_count>4</sys_mod_count>
        <sys_updated_by>admin</sys_updated_by>
        <sys_updated_on>2024-07-25 14:20:27</sys_updated_on>
        <value>(function(outputs, steps, stepResult, assertEqual) {&#13;
    var test = new x_snc_devtools.TestAPI(outputs, steps, stepResult, assertEqual);&#13;
&#13;
    test.SetResult(true);&#13;
&#13;
    var strCheck = 'e39e8b62db634290f0f1d03cd3961947';&#13;
&#13;
&#13;
    var grApp = x_snc_devtools.GetAppRecord('x_snc_codesanity');&#13;
&#13;
	var grDependencies = new GlideRecord('x_snc_devtools_dependency');&#13;
	grDependencies.addQuery('sys_scope','=',grApp.sys_id);&#13;
	grDependencies.query();&#13;
	while (grDependencies.next())&#13;
	{&#13;
		test.TestCase_InstanceScanCheck(strCheck, 'x_snc_devtools_dependency', grDependencies.sys_id, false);&#13;
	}&#13;
&#13;
&#13;
	var grApp = new GlideRecord('sys_app');&#13;
	grApp.initialize();&#13;
	grApp.name = 'Test Alpha';&#13;
	grApp.scope = 'test_alpha';&#13;
	var strAlphaAppId = x_snc_devtools.GlideRecordInsert(grApp);&#13;
&#13;
	var grApp = new GlideRecord('sys_app');&#13;
	grApp.initialize();&#13;
	grApp.name = 'Test Beta';&#13;
	grApp.scope = 'test_beta';&#13;
	var strBetaAppId = x_snc_devtools.GlideRecordInsert(grApp);&#13;
&#13;
	var grDependency = new GlideRecord('x_snc_devtools_dependency');&#13;
	grDependency.initialize();&#13;
	grDependency.sys_scope = strAlphaAppId;&#13;
	grDependency.dependency = strBetaAppId;&#13;
	var strDependencyId = x_snc_devtools.GlideRecordInsert(grDependency);&#13;
&#13;
	test.TestCase_InstanceScanCheck(strCheck, 'x_snc_devtools_dependency', strDependencyId, false);&#13;
	&#13;
	&#13;
	&#13;
	var grRole = new GlideRecord('sys_user_role');&#13;
	grRole.initialize();&#13;
	grRole.name = 'test_beta.persona_test';&#13;
	grRole.sys_scope = strBetaAppId;&#13;
	var strRoleId = x_snc_devtools.GlideRecordInsert(grRole);&#13;
&#13;
	test.TestCase_InstanceScanCheck(strCheck, 'x_snc_devtools_dependency', strDependencyId, true);&#13;
&#13;
&#13;
    return test.GetResult();&#13;
&#13;
})(outputs, steps, stepResult, assertEqual);</value>
        <variable display_value="Test script">989d9e235324220002c6435723dc3484</variable>
    </sys_variable_value>
</record_update>
