<?xml version="1.0" encoding="UTF-8"?><record_update sys_domain="global" table="sys_app_module">
    <sys_app_module action="INSERT_OR_UPDATE">
        <active>true</active>
        <application display_value="CodeSanity">b86758d3db4a8510bcced03cd396195c</application>
        <assessment/>
        <device_type/>
        <filter table="sys_atf_test_suite">sys_id=2c6758d3db4a8510bcced03cd396191d^EQ<item endquery="false" field="sys_id" goto="false" newquery="false" operator="=" or="false" value="2c6758d3db4a8510bcced03cd396191d"/>
            <item endquery="true" field="" goto="false" newquery="false" operator="=" or="false" value=""/>
        </filter>
        <hint/>
        <homepage/>
        <image/>
        <link_type>DETAIL</link_type>
        <map_page/>
        <mobile_title>Test Suite</mobile_title>
        <mobile_view_name>Mobile</mobile_view_name>
        <name>sys_atf_test_suite</name>
        <order>1110</order>
        <override_menu_roles>false</override_menu_roles>
        <query>sysparm_view_forced=true</query>
        <report/>
        <require_confirmation>false</require_confirmation>
        <roles>x_snc_codesanity.admin</roles>
        <sys_class_name>sys_app_module</sys_class_name>
        <sys_created_by>admin</sys_created_by>
        <sys_created_on>2022-03-10 09:51:05</sys_created_on>
        <sys_domain>global</sys_domain>
        <sys_domain_path>/</sys_domain_path>
        <sys_id>f46758d3db4a8510bcced03cd3961975</sys_id>
        <sys_mod_count>2</sys_mod_count>
        <sys_name>Test Suite</sys_name>
        <sys_overrides/>
        <sys_package display_value="CodeSanity" source="x_snc_codesanity">8ed42c23dbad0510bcced03cd39619ce</sys_package>
        <sys_policy/>
        <sys_scope display_value="CodeSanity">8ed42c23dbad0510bcced03cd39619ce</sys_scope>
        <sys_update_name>sys_app_module_f46758d3db4a8510bcced03cd3961975</sys_update_name>
        <sys_updated_by>admin</sys_updated_by>
        <sys_updated_on>2023-11-14 12:16:32</sys_updated_on>
        <timeline_page/>
        <title>Test Suite</title>
        <uncancelable>false</uncancelable>
        <view_name>DevTools</view_name>
        <window_name/>
    </sys_app_module>
</record_update>
